code,name,sector,price,per,eps,pbr,bps,dividendYield
060310,3S,벤처기업부,1060.0,,-103.0,1.26,841.0,
095570,AJ네트웍스,,4430.0,6.34,699.0,0.43,10256.0,7.45
006840,AK홀딩스,,7450.0,,-1125.0,0.19,38936.0,
054620,APS,중견기업부,4195.0,12.95,324.0,0.34,12222.0,
079810,APS이노베이션,우량기업부,3360.0,14.42,233.0,0.41,8150.0,
265520,AP시스템,우량기업부,19660.0,7.88,2494.0,0.78,25322.0,1.73
211270,AP위성,우량기업부,8010.0,,-260.0,1.11,7235.0,
027410,BGF,,4120.0,6.17,668.0,0.22,18664.0,3.16
282330,BGF리테일,,153100.0,12.53,12219.0,2.08,73495.0,2.68
126600,BGF에코머티리얼즈,우량기업부,2910.0,12.82,227.0,0.43,6697.0,1.72
138930,BNK금융지주,,15150.0,5.55,2731.0,0.44,34817.0,4.85
001460,BYC,,38250.0,15.55,2460.0,0.55,68984.0,1.05
001465,BYC우,,25300.0,10.28,2460.0,0.37,68984.0,1.6
083790,CG인바이츠,벤처기업부,994.0,,-35.0,0.91,1096.0,
001040,CJ,,145700.0,34.4,4236.0,0.92,159220.0,2.27
079160,CJ CGV,,5560.0,,-883.0,2.35,2366.0,
035760,CJ ENM,중견기업부,35450.0,7.96,4455.0,0.26,135662.0,
311690,CJ 바이오사이언스,기술성장기업부,3760.0,,-1761.0,1.02,3682.0,
00104K,CJ4우(전환),,135500.0,31.99,4236.0,0.85,159220.0,2.44
000120,CJ대한통운,,79000.0,7.48,10558.0,0.38,209427.0,1.01
011150,CJ씨푸드,,2015.0,55.97,36.0,0.83,2418.0,
011155,CJ씨푸드1우,,7250.0,201.39,36.0,3.0,2418.0,
001045,CJ우,,76000.0,17.94,4236.0,0.48,159220.0,4.41
097950,CJ제일제당,,204500.0,,-30721.0,0.44,462867.0,2.93
097955,CJ제일제당 우,,127000.0,,-30721.0,0.27,462867.0,4.76
051500,CJ프레시웨이,우량기업부,23450.0,5.39,4350.0,0.62,38045.0,2.13
058820,CMG제약,중견기업부,715.0,,-57.0,0.52,1364.0,
056730,CNT85,중견기업부,1436.0,,-744.0,0.34,4263.0,
000480,CR홀딩스,,4700.0,,-459.0,0.34,13848.0,8.72
065770,CS,벤처기업부,1594.0,,-60.0,0.9,1778.0,
083660,CSA 코스믹,중견기업부,2905.0,,-1715.0,0.88,3301.0,
000590,CS홀딩스,,65900.0,4.13,15954.0,0.2,328543.0,0.76
012030,DB,,1459.0,5.1,286.0,0.56,2589.0,
477760,DB금융스팩12호,SPAC(소속부없음),2050.0,66.13,31.0,1.06,1927.0,
005830,DB손해보험,,165900.0,7.32,22663.0,0.87,190944.0,4.58
016610,DB증권,,9140.0,4.31,2121.0,0.34,27106.0,6.02
000990,DB하이텍,,84100.0,12.47,6746.0,1.56,53970.0,0.96
099520,DGI,관리종목(소속부없음),0.0,,-50.0,2.55,504.0,
000300,DH오토넥스,,0.0,42.42,99.0,4.82,871.0,
290120,DH오토리드,중견기업부,2365.0,2.66,890.0,0.34,7020.0,4.23
025440,DH오토웨어,투자주의환기종목(소속부없음),3440.0,,-2013.0,0.52,6561.0,
001530,DI동일,,24600.0,,-268.0,0.98,25129.0,0.39
015590,DKME,,1660.0,,-37.0,0.6,2748.0,
000210,DL,,50900.0,,-2530.0,0.28,182539.0,
000215,DL우,,23000.0,,-2530.0,0.13,182539.0,
375500,DL이앤씨,,72000.0,6.18,11652.0,0.56,128542.0,1.24
37550L,DL이앤씨2우(전환),,47650.0,4.09,11652.0,0.37,128542.0,1.87
37550K,DL이앤씨우,,23600.0,2.03,11652.0,0.18,128542.0,3.98
068790,DMS,우량기업부,8100.0,1.49,5432.0,0.42,19385.0,3.09
007340,DN오토모티브,,47600.0,9.54,4990.0,1.15,41259.0,2.1
004840,DRB동일,,4425.0,23.92,185.0,0.2,22262.0,1.81
241520,DSC인베스트먼트,중견기업부,7930.0,10.08,787.0,1.59,4979.0,0.5
155660,DSR,,4620.0,3.61,1281.0,0.29,15764.0,5.41
069730,DSR제강,,5890.0,3.08,1914.0,0.44,13253.0,7.3
017860,DS단석,,11860.0,,-1133.0,0.78,15244.0,0.08
180400,DXVX,관리종목(소속부없음),2740.0,,-456.0,3.03,904.0,
092780,DYP,,3205.0,4.26,752.0,0.27,11950.0,2.5
017940,E1,,87000.0,5.29,16440.0,0.24,358448.0,5.23
418620,E8,기술성장기업부,765.0,,-667.0,1.28,597.0,
245620,EDGC,관리종목(소속부없음),0.0,0.34,2199.0,1.88,394.0,
037370,EG,벤처기업부,3110.0,,-120.0,0.45,6863.0,
278990,EMB,일반기업부,2500.0,,,,,
365550,ESR켄달스퀘어리츠,,3250.0,295.45,11.0,0.7,4618.0,8.55
050120,ES큐브,중견기업부,2985.0,,-46.0,0.43,6870.0,
383220,F&F,,67000.0,5.0,13394.0,1.27,52854.0,4.03
007700,F&F홀딩스,,14180.0,3.38,4193.0,0.23,60419.0,3.53
214270,FSN,중견기업부,1416.0,,-495.0,1.03,1374.0,
032620,GC메디아이,우량기업부,3025.0,4.56,663.0,1.08,2800.0,1.65
130500,GH신소재,중견기업부,1850.0,,-346.0,0.32,5747.0,
114090,GKL,,9500.0,12.75,745.0,1.35,7023.0,4.36
019570,GMI벤처,중견기업부,2535.0,507.0,5.0,0.45,5627.0,
900290,GRT,외국기업(소속부없음),3895.0,4.15,939.0,0.29,13517.0,
078930,GS,,98900.0,7.11,13909.0,0.61,161290.0,3.03
083450,GST,우량기업부,48600.0,16.3,2982.0,2.82,17252.0,1.34
006360,GS건설,,31650.0,41.54,762.0,0.55,57092.0,1.58
001250,GS글로벌,,2900.0,13.74,211.0,0.43,6715.0,0.86
007070,GS리테일,,28350.0,29.72,954.0,0.72,39232.0,2.12
078935,GS우,,58900.0,4.23,13909.0,0.37,161290.0,5.18
499790,GS피앤엘,,44000.0,37.29,1180.0,1.02,43339.0,0.8
297890,HB솔루션,우량기업부,1715.0,3.38,507.0,0.49,3524.0,1.75
440290,HB인베스트먼트,중견기업부,1682.0,7.04,239.0,0.54,3133.0,7.13
078150,HB테크놀러지,우량기업부,1931.0,3.8,508.0,0.57,3391.0,1.04
225530,HC보광산업,우량기업부,1930.0,,-60.0,0.79,2439.0,2.59
060560,HC홈센타,중견기업부,1837.0,,-1052.0,0.34,5411.0,2.72
012630,HDC,,22650.0,4.52,5009.0,0.38,60098.0,1.99
039570,HDC랩스,,7560.0,11.96,632.0,0.66,11439.0,5.95
089470,HDC현대EP,,3990.0,4.14,964.0,0.29,13907.0,4.01
267270,HD건설기계,,138100.0,14.07,9818.0,1.41,98278.0,0.4
009540,HD한국조선해양,,398500.0,11.2,35568.0,2.08,191612.0,3.09
267250,HD현대,,225000.0,11.66,19302.0,1.45,154654.0,1.78
443060,HD현대마린솔루션,,196400.0,28.92,6790.0,10.4,18893.0,2.01
071970,HD현대마린엔진,,55200.0,10.44,5288.0,3.75,14731.0,
322000,HD현대에너지솔루션,,127800.0,22.02,5805.0,3.25,39346.0,
267260,HD현대일렉트릭,,762000.0,34.92,21822.0,13.19,57779.0,0.93
329180,HD현대중공업,,506000.0,25.0,20237.0,5.47,92566.0,1.12
376270,HEM파마,기술성장기업부,42100.0,,-3608.0,208.42,202.0,
097230,HJ중공업,,16700.0,20.29,823.0,2.17,7686.0,
195940,HK이노엔,우량기업부,41600.0,13.99,2973.0,0.88,47207.0,0.99
014790,HL D&I,,2480.0,6.33,392.0,0.2,12352.0,
028300,HLB,중견기업부,37300.0,,-1473.0,11.94,3123.0,
003580,HLB글로벌,,1467.0,,-83.0,1.02,1441.0,
278650,HLB바이오스텝,중견기업부,2080.0,,-1108.0,0.35,6027.0,
067630,HLB생명과학,투자주의환기종목(소속부없음),2500.0,,-414.0,1.04,2410.0,
024850,HLB이노베이션,중견기업부,11790.0,,-1178.0,1.67,7051.0,
187420,HLB제넥스,기술성장기업부,1667.0,2.27,734.0,1.24,1343.0,
047920,HLB제약,기술성장기업부,8390.0,73.6,114.0,1.81,4626.0,
115450,HLB테라퓨틱스,중견기업부,2035.0,,-103.0,1.19,1716.0,
046210,HLB파나진,벤처기업부,1106.0,,-80.0,0.67,1639.0,
196300,HLB펩,관리종목(소속부없음),4335.0,,-223.0,1.75,2472.0,
204320,HL만도,,50800.0,19.89,2554.0,0.84,60197.0,1.48
060980,HL홀딩스,,39100.0,10.1,3871.0,0.32,122238.0,5.12
011200,HMM,,21800.0,14.26,1529.0,0.74,29450.0,3.21
403870,HPSP,우량기업부,34400.0,34.89,986.0,9.54,3604.0,1.45
036640,HRS,우량기업부,4885.0,6.0,814.0,0.62,7927.0,6.14
035000,HS애드,,6620.0,7.19,921.0,0.55,12139.0,8.31
002460,HS화성,,11690.0,4.31,2710.0,0.26,45308.0,6.42
487570,HS효성,,45900.0,6.15,7467.0,0.31,146122.0,2.18
298050,HS효성첨단소재,,183200.0,,-3834.0,0.97,188094.0,1.37
469480,IBKS제24호스팩,SPAC(소속부없음),2130.0,78.89,27.0,1.04,2046.0,
0099X0,IBKS제25호스팩,SPAC(소속부없음),2180.0,,-39.0,1.18,1845.0,
015360,INVENI,,14230.0,3.35,4250.0,0.46,30797.0,7.59
294870,IPARK현대산업개발,,22650.0,9.74,2325.0,0.44,51075.0,3.09
095340,ISC,우량기업부,131000.0,39.81,3291.0,4.94,26500.0,0.65
175330,JB금융지주,,28850.0,7.73,3731.0,0.91,31851.0,3.95
950170,JTC,외국기업(소속부없음),4260.0,,-42.0,1.32,3227.0,
234080,JW생명과학,,11510.0,6.25,1843.0,0.81,14127.0,4.78
067290,JW신약,중견기업부,2180.0,12.46,175.0,2.84,767.0,
001060,JW중외제약,,24900.0,8.67,2872.0,1.58,15804.0,2.61
001067,JW중외제약2우B,,43700.0,15.22,2872.0,2.77,15804.0,1.49
001065,JW중외제약우,,21250.0,7.4,2872.0,1.34,15804.0,3.18
096760,JW홀딩스,,3920.0,4.2,934.0,1.0,3929.0,5.49
035900,JYP Ent.,우량기업부,46800.0,13.49,3469.0,2.48,18887.0,1.87
318000,KBG,벤처기업부,2975.0,9.1,327.0,0.55,5421.0,2.02
008970,KBI동양철관,,1114.0,,-2.0,0.81,1382.0,
024840,KBI메탈,중견기업부,4810.0,21.19,227.0,1.3,3695.0,
105560,KB금융,,175800.0,11.11,15817.0,1.05,167092.0,2.48
415640,KB발해인프라,,10340.0,,,,,6.29
432320,KB스타리츠,,1373.0,,-1087.0,0.75,1840.0,22.73
024120,KB오토시스,중견기업부,3015.0,5.76,523.0,0.28,10581.0,8.29
478390,KB제29호스팩,SPAC(소속부없음),2045.0,63.91,32.0,1.0,2055.0,
486630,KB제30호스팩,SPAC(소속부없음),2025.0,54.73,37.0,1.01,2002.0,
492220,KB제31호스팩,SPAC(소속부없음),2000.0,57.14,35.0,0.99,2020.0,
0037T0,KB제32호스팩,SPAC(소속부없음),1990.0,90.45,22.0,1.01,1967.0,
0072Z0,KB제33호스팩,SPAC(소속부없음),1972.0,151.69,13.0,1.0,1974.0,
002380,KCC,,442000.0,2.3,192585.0,0.4,1101381.0,3.39
021320,KCC건설,우량기업부,5640.0,2.54,2222.0,0.2,28287.0,3.55
344820,KCC글라스,,24950.0,,-4978.0,0.29,85135.0,6.41
009070,KCTC,,3980.0,4.76,837.0,0.37,10762.0,1.88
009440,KC그린홀딩스,,756.0,,-1697.0,0.16,4589.0,
112190,KC산업,일반기업부,1287.0,,,,,
119650,KC코트렐,,0.0,41.73,22.0,1.71,538.0,
044180,KD,관리종목(소속부없음),205.0,,-672.0,0.27,746.0,
092220,KEC,,2635.0,,-731.0,0.33,8062.0,
003620,KG모빌리티,,2890.0,8.26,350.0,0.39,7469.0,
016380,KG스틸,,5860.0,4.38,1337.0,0.27,21366.0,5.12
151860,KG에코솔루션,우량기업부,5830.0,2.96,1968.0,0.17,34772.0,2.57
035600,KG이니시스,우량기업부,10070.0,5.68,1774.0,0.52,19351.0,5.96
001390,KG케미칼,,4805.0,4.4,1091.0,0.32,15230.0,3.12
046440,KG파이낸셜,우량기업부,4190.0,7.5,559.0,0.43,9724.0,5.97
060720,KH바텍,중견기업부,10600.0,16.23,653.0,0.85,12537.0,3.44
001940,KISCO홀딩스,,26450.0,,-1673.0,0.28,93294.0,6.99
058400,KNN,우량기업부,4680.0,3.55,1319.0,0.27,17461.0,5.34
025000,KPX케미칼,,49750.0,4.04,12302.0,0.31,159077.0,7.54
092230,KPX홀딩스,,87500.0,3.2,27352.0,0.31,283473.0,6.0
000040,KR모터스,,1235.0,0.99,1253.0,0.34,3650.0,
044450,KSS해운,,9940.0,2.59,3833.0,0.36,27890.0,4.53
101000,KS인더스트리,중견기업부,311.0,,-180.0,0.3,1040.0,
030200,KT,,53300.0,8.7,6124.0,0.71,75437.0,4.5
033780,KT&G,,188800.0,18.59,10155.0,2.11,89366.0,3.18
058850,KTcs,,2250.0,3.68,612.0,0.39,5837.0,4.44
058860,KTis,,2530.0,2.4,1053.0,0.32,7787.0,5.53
089600,KT나스미디어,우량기업부,11530.0,17.79,648.0,0.66,17536.0,6.07
418470,KT밀리의서재,우량기업부,10530.0,5.48,1921.0,1.05,10057.0,5.22
043610,KT지니뮤직,중견기업부,1279.0,,-458.0,0.51,2499.0,
122450,KX,중견기업부,2625.0,5.81,452.0,0.32,8292.0,
052900,KX하이텍,우량기업부,1063.0,7.65,139.0,0.5,2105.0,
036560,KZ정밀,우량기업부,12410.0,12.87,964.0,0.32,39163.0,6.45
061970,LB세미콘,중견기업부,3915.0,,-2169.0,0.9,4358.0,
309960,LB인베스트먼트,중견기업부,4495.0,8.08,556.0,0.84,5373.0,4.45
093050,LF,,22650.0,6.14,3689.0,0.36,62136.0,3.09
003550,LG,,108100.0,34.49,3134.0,0.56,194463.0,2.87
034220,LG디스플레이,,9770.0,,-163.0,0.76,12919.0,
051900,LG생활건강,,333500.0,,-6520.0,1.0,332075.0,0.6
051905,LG생활건강우,,118000.0,,-6520.0,0.36,332075.0,1.74
064400,LG씨엔에스,,72600.0,15.24,4764.0,2.41,30176.0,2.55
373220,LG에너지솔루션,,360000.0,,-6851.0,3.8,94721.0,
003555,LG우,,67200.0,21.44,3134.0,0.35,194463.0,4.69
032640,LG유플러스,,14960.0,12.08,1238.0,0.72,20854.0,4.41
011070,LG이노텍,,552000.0,26.95,20484.0,2.15,256962.0,0.34
066570,LG전자,,185000.0,34.13,5420.0,1.3,142232.0,0.73
066575,LG전자우,,65600.0,12.1,5420.0,0.46,142232.0,2.13
037560,LG헬로비전,,1677.0,69.88,24.0,0.29,5884.0,
051910,LG화학,,276000.0,,-26317.0,0.62,445368.0,0.73
051915,LG화학우,,128500.0,,-26317.0,0.29,445368.0,1.6
079550,LIG디펜스앤에어로스페이스,,741000.0,52.43,14133.0,10.73,69083.0,0.4
073490,LIG아큐버,우량기업부,31250.0,81.59,383.0,1.41,22175.0,0.32
225190,LK삼양,중견기업부,625.0,,-295.0,1.45,432.0,
006260,LS,,317000.0,29.72,10667.0,1.71,184934.0,0.79
010120,LS ELECTRIC,,201000.0,89.41,2248.0,14.45,13908.0,0.3
091970,LSK아이로봇,중견기업부,4005.0,,-1113.0,1.42,2821.0,
000680,LS네트웍스,,2910.0,,-179.0,0.25,11515.0,
060370,LS마린솔루션,우량기업부,30750.0,119.19,258.0,2.5,12300.0,0.52
417200,LS머트리얼즈,중견기업부,11840.0,1315.56,9.0,4.36,2713.0,0.19
229640,LS에코에너지,,45450.0,32.14,1414.0,6.02,7556.0,0.55
078020,LS증권,우량기업부,6400.0,10.53,608.0,0.41,15566.0,7.81
322180,LS티라유텍,벤처기업부,4255.0,,-358.0,1.64,2597.0,
108320,LX세미콘,,35600.0,11.94,2982.0,0.52,68480.0,4.21
001120,LX인터내셔널,,37800.0,14.08,2685.0,0.48,79440.0,5.29
108670,LX하우시스,,34450.0,,-1098.0,0.39,87557.0,
108675,LX하우시스우,,18350.0,,-1098.0,0.21,87557.0,
383800,LX홀딩스,,7770.0,5.88,1321.0,0.3,26332.0,3.73
38380K,LX홀딩스1우,,7340.0,5.56,1321.0,0.28,26332.0,4.09
476080,M83,중견기업부,3720.0,,-844.0,0.7,5344.0,
086960,MDS테크,우량기업부,1967.0,8.03,245.0,0.53,3697.0,
023150,MH에탄올,,4120.0,,-412.0,0.44,9393.0,6.07
035420,NAVER,,210000.0,18.23,11521.0,1.07,196985.0,1.25
036570,NC,,248500.0,11.7,21244.0,1.37,181812.0,0.46
160550,NEW,중견기업부,1065.0,21.73,49.0,0.33,3273.0,
053290,NE능률,중견기업부,1806.0,,-765.0,0.44,4129.0,
181710,NHN,,41800.0,23.48,1780.0,0.87,48218.0,1.2
060250,NHN KCP,우량기업부,13030.0,10.15,1284.0,1.63,7989.0,1.92
104200,NHN벅스,중견기업부,2730.0,,-352.0,0.72,3783.0,
054050,NH농우바이오,우량기업부,6940.0,9.08,764.0,0.39,17648.0,3.6
400760,NH올원리츠,,2940.0,367.5,8.0,0.84,3518.0,10.76
005940,NH투자증권,,27800.0,7.8,3565.0,1.05,26593.0,4.68
005945,NH투자증권우,,24900.0,6.98,3565.0,0.94,26593.0,5.42
338100,NH프라임리츠,,3800.0,3.53,1075.0,0.66,5765.0,38.47
034310,NICE,,12960.0,10.9,1189.0,0.6,21520.0,4.32
063570,NICE인프라,우량기업부,3240.0,12.66,256.0,0.55,5926.0,4.32
030190,NICE평가정보,,15100.0,10.75,1405.0,1.92,7849.0,3.38
008260,NI스틸,,3250.0,4.92,661.0,0.34,9634.0,3.08
004250,NPC,,2900.0,7.88,368.0,0.24,11885.0,3.62
004255,NPC우,,1891.0,5.14,368.0,0.16,11885.0,5.82
456040,OCI,,77400.0,,-2463.0,0.6,129408.0,
010060,OCI홀딩스,,272500.0,,-4664.0,1.26,215930.0,0.37
178920,PI첨단소재,,19180.0,16.02,1197.0,1.58,12102.0,1.83
001340,PKC,,5180.0,40.16,129.0,1.04,4970.0,0.58
024940,PN풍년,벤처기업부,1980.0,7.02,282.0,0.36,5567.0,1.77
005490,POSCO홀딩스,,331000.0,32.57,10164.0,0.44,751025.0,3.02
332570,PS일렉트로닉스,우량기업부,7950.0,13.47,590.0,2.69,2958.0,
218410,RFHIC,우량기업부,48450.0,40.82,1187.0,3.52,13755.0,0.83
327260,RF머트리얼즈,벤처기업부,34850.0,66.0,528.0,10.77,3235.0,
474610,RF시스템즈,벤처기업부,7110.0,15.63,455.0,1.86,3815.0,
091340,S&K폴리텍,중견기업부,2015.0,4.05,498.0,0.22,9218.0,
010950,S-Oil,,137600.0,17.02,8083.0,1.67,82186.0,0.24
010955,S-Oil우,,65800.0,8.14,8083.0,0.8,82186.0,0.54
419530,SAMG엔터,기술성장기업부,28250.0,9.17,3081.0,3.29,8590.0,
019550,SBI인베스트먼트,중견기업부,995.0,6.03,165.0,0.53,1886.0,
034120,SBS,,11700.0,212.73,55.0,0.22,52063.0,2.82
003080,SB성보,,2275.0,1.35,1689.0,0.29,7966.0,9.01
246960,SCL사이언스,기술성장기업부,1698.0,,-93.0,2.45,694.0,
099220,SDN,중견기업부,698.0,,-33.0,0.58,1200.0,
056190,SFA,우량기업부,21650.0,15.46,1400.0,0.66,32559.0,4.39
222080,SFA넥셀,우량기업부,7570.0,29.34,258.0,1.13,6688.0,
036540,SFA반도체,중견기업부,4995.0,,-73.0,1.7,2941.0,
255220,SG,중견기업부,1417.0,,-136.0,1.28,1108.0,
040610,SG&G,중견기업부,3130.0,1.83,1711.0,0.12,25398.0,
184230,SGA솔루션즈,벤처기업부,1925.0,1.72,1122.0,1.05,1838.0,
016250,SGC E&C,중견기업부,12000.0,,-10648.0,0.19,62598.0,
005090,SGC에너지,,54000.0,,-3847.0,1.13,47635.0,2.41
001380,SG글로벌,,1376.0,8.55,161.0,0.2,6904.0,
004060,SG세계물산,,2555.0,14.12,181.0,0.19,13242.0,
001770,SHD,,6810.0,6.74,1011.0,0.15,45423.0,2.94
002360,SH에너지화학,,1631.0,,-790.0,0.26,6391.0,
009160,SIMPAC,,4775.0,19.41,246.0,0.4,11930.0,6.28
033530,SJG세종,,6770.0,2.22,3046.0,0.32,21041.0,2.95
123700,SJM,,3440.0,3.87,888.0,0.22,15325.0,5.96
025530,SJM홀딩스,,3475.0,5.41,642.0,0.27,12984.0,7.19
034730,SK,,508000.0,14.12,35981.0,0.95,536978.0,1.58
357880,SKAI,기술성장기업부,2110.0,,-438.0,5.69,371.0,
011790,SKC,,81200.0,,-18777.0,3.31,24508.0,
018670,SK가스,,228000.0,5.24,43498.0,0.65,349677.0,3.95
001740,SK네트웍스,,7820.0,17.94,436.0,0.74,10601.0,3.2
006120,SK디스커버리,,53300.0,4.21,12649.0,0.31,169357.0,3.75
006125,SK디스커버리우,,38800.0,3.07,12649.0,0.23,169357.0,5.28
210980,SK디앤디,,5230.0,,-1108.0,0.18,29427.0,3.82
395400,SK리츠,,5620.0,87.81,64.0,0.87,6460.0,4.73
302440,SK바이오사이언스,,36850.0,,-1062.0,1.63,22571.0,
326030,SK바이오팜,,85400.0,19.17,4454.0,7.18,11902.0,
402340,SK스퀘어,,939000.0,7.97,117759.0,3.43,273614.0,
260870,SK시그넷,일반기업부,8140.0,,,,,
361610,SK아이이테크놀로지,,14980.0,,-3476.0,0.48,31440.0,
100090,SK오션플랜트,,13430.0,19.02,706.0,1.02,13195.0,
03473K,SK우,,340000.0,9.45,35981.0,0.63,536978.0,2.37
096770,SK이노베이션,,120300.0,,-13182.0,0.86,139737.0,
096775,SK이노베이션우,,63800.0,,-13182.0,0.46,139737.0,
475150,SK이터닉스,,50500.0,69.27,729.0,6.36,7942.0,
001510,SK증권,,2215.0,10.7,207.0,0.75,2968.0,
001515,SK증권우,,3980.0,19.23,207.0,1.34,2968.0,
285130,SK케미칼,,43650.0,67.57,646.0,0.37,116972.0,2.64
28513K,SK케미칼우,,22400.0,34.67,646.0,0.19,116972.0,5.36
017670,SK텔레콤,,88200.0,51.7,1706.0,1.41,62371.0,
000660,SK하이닉스,,1422000.0,13.74,103521.0,6.13,231952.0,0.21
048550,SM C&C,중견기업부,1719.0,,-16.0,2.07,831.0,
063440,SM Life Design,중견기업부,1108.0,9.72,114.0,0.72,1533.0,
003570,SNT다이내믹스,,32000.0,16.61,1926.0,0.86,37267.0,5.63
064960,SNT모티브,,27350.0,9.92,2758.0,0.63,43345.0,6.22
100840,SNT에너지,,27850.0,5.61,4961.0,1.42,19611.0,4.13
036530,SNT홀딩스,,48100.0,6.54,7358.0,0.51,95111.0,6.24
067160,SOOP,우량기업부,43300.0,4.92,8802.0,1.02,42482.0,7.81
000390,SP삼화,,6170.0,14.09,438.0,0.5,12416.0,5.67
011810,STX,,3530.0,,-6620.0,,,
465770,STX그린로지스,,3055.0,,-5369.0,0.58,5256.0,
077970,STX엔진,,27050.0,14.47,1870.0,3.01,8979.0,
002820,SUN&L,,2485.0,,-298.0,0.14,17920.0,
289080,SV인베스트먼트,중견기업부,1946.0,,-18.0,1.51,1287.0,1.03
002170,SYTS,,54900.0,6.9,7956.0,0.32,170644.0,4.19
041930,SY동아,우량기업부,4600.0,3.47,1324.0,0.35,12960.0,6.52
084870,TBH글로벌,,2180.0,41.13,53.0,0.76,2861.0,2.29
002710,TCC스틸,,9900.0,,-341.0,1.06,9362.0,0.71
089230,THE E&M,중견기업부,1745.0,,-1224.0,2.91,600.0,
032540,TJ미디어,우량기업부,3125.0,18.06,173.0,0.82,3812.0,6.83
069260,TKG휴켐스,,16450.0,11.32,1453.0,0.71,23052.0,6.08
007980,TP,,1806.0,2.2,822.0,0.27,6588.0,4.15
048770,TPC로보틱스,벤처기업부,3000.0,,-70.0,1.29,2320.0,0.33
246690,TS인베스트먼트,중견기업부,1690.0,8.28,204.0,0.43,3974.0,1.78
317240,TS트릴리온,벤처기업부,1153.0,,-40.0,1.03,1124.0,
002900,TYM,,6400.0,4.66,1374.0,0.57,11199.0,4.53
024070,WISCOM,,1891.0,24.56,77.0,0.33,5729.0,2.64
057030,YBM넷,중견기업부,2225.0,25.28,88.0,0.7,3178.0,4.49
037270,YG PLUS,,3495.0,9.79,357.0,1.15,3038.0,0.86
040300,YTN,중견기업부,2045.0,,-274.0,0.43,4715.0,
051390,YW,중견기업부,4190.0,9.74,430.0,0.4,10375.0,5.49
052220,iMBC,중견기업부,1755.0,,-206.0,0.73,2417.0,
139130,iM금융지주,,17870.0,6.55,2727.0,0.46,38972.0,3.92
079940,가비아,우량기업부,43000.0,33.26,1293.0,3.11,13825.0,0.23
078890,가온그룹,중견기업부,4350.0,10.82,402.0,0.6,7230.0,1.61
000500,가온전선,,147700.0,78.9,1872.0,8.78,16828.0,0.04
399720,가온칩스,벤처기업부,43600.0,,-886.0,9.42,4630.0,
296520,가이아코퍼레이션,일반기업부,702.0,,,,,
036620,감성코퍼레이션,우량기업부,4485.0,10.68,420.0,2.86,1566.0,
000860,강남제비스코,,12300.0,,-308.0,0.26,47388.0,2.03
198440,강동씨앤엘,중견기업부,1201.0,120.1,10.0,0.55,2176.0,
217730,강스템바이오텍,기술성장기업부,2390.0,,-252.0,3.61,662.0,
035250,강원랜드,,14690.0,11.1,1324.0,0.77,19079.0,6.47
114190,강원에너지,중견기업부,9380.0,,-283.0,7.3,1285.0,
094480,갤럭시아머니트리,우량기업부,5110.0,23.88,214.0,1.68,3049.0,0.88
011420,갤럭시아에스엠,,1449.0,11.98,121.0,0.59,2444.0,
039240,경남스틸,우량기업부,1876.0,10.31,182.0,0.45,4151.0,6.4
053950,경남제약,중견기업부,1610.0,,-521.0,0.23,6906.0,
002100,경농,,9190.0,11.3,813.0,0.59,15524.0,7.62
009450,경동나비엔,,73000.0,9.72,7509.0,1.29,56503.0,1.03
267290,경동도시가스,,20550.0,3.52,5840.0,0.25,83279.0,4.26
012320,경동인베스트,,46500.0,6.32,7359.0,0.2,228386.0,1.61
011040,경동제약,중견기업부,5040.0,13.33,378.0,0.61,8240.0,5.95
000050,경방,,8780.0,3.79,2318.0,0.28,31849.0,1.82
214390,경보제약,,5240.0,349.33,15.0,0.87,6036.0,0.95
012610,경인양행,,3085.0,15.43,200.0,0.52,5940.0,1.62
009140,경인전자,,22150.0,6.17,3588.0,0.35,63124.0,2.26
024910,경창산업,중견기업부,1401.0,,-541.0,0.44,3207.0,
013580,계룡건설,,19940.0,1.64,12183.0,0.18,107926.0,3.51
012200,계양전기,,4005.0,,-1277.0,5.09,787.0,
012205,계양전기우,,6300.0,,-1277.0,8.01,787.0,
002140,고려산업,,2110.0,6.78,311.0,0.44,4745.0,1.9
049720,고려신용정보,우량기업부,9350.0,10.15,921.0,2.17,4302.0,5.35
010130,고려아연,,1106000.0,23.06,47960.0,2.01,549805.0,1.81
002240,고려제강,,17300.0,18.72,924.0,0.25,69493.0,2.02
014570,고려제약,중견기업부,3460.0,5.51,628.0,0.46,7604.0,5.2
348150,고바이오랩,기술성장기업부,3165.0,,-190.0,2.05,1546.0,
950190,고스트스튜디오,외국기업(소속부없음),8730.0,14.82,589.0,0.71,12274.0,6.35
098460,고영,우량기업부,29600.0,74.56,397.0,5.69,5198.0,0.47
035290,골드앤에스,관리종목(소속부없음),1546.0,,-59.0,0.6,2564.0,
215000,골프존,우량기업부,36850.0,10.99,3354.0,0.51,71930.0,10.86
121440,골프존홀딩스,우량기업부,6580.0,16.41,401.0,0.34,19076.0,3.8
009290,광동제약,,6460.0,15.49,417.0,0.5,13020.0,1.55
086220,광동헬스바이오,일반기업부,893.0,,,,,
017040,광명전기,,932.0,,-1665.0,,,
029480,광무,중견기업부,1463.0,2.85,513.0,0.38,3852.0,
017900,광전자,,7810.0,75.1,104.0,1.62,4819.0,0.64
037710,광주신세계,,38850.0,6.63,5859.0,0.34,112795.0,6.18
026910,광진실업,중견기업부,4440.0,,-658.0,1.49,2973.0,
465320,교보15호스팩,관리종목(소속부없음),2115.0,132.19,16.0,1.05,2013.0,
482520,교보16호스팩,SPAC(소속부없음),2035.0,135.67,15.0,1.01,2020.0,
489210,교보17호스팩,SPAC(소속부없음),2025.0,57.86,35.0,1.0,2025.0,
0041B0,교보18호스팩,SPAC(소속부없음),2005.0,,-9.0,1.05,1903.0,
0098T0,교보19호스팩,SPAC(소속부없음),1995.0,,-53.0,1.03,1937.0,
0132G0,교보20호스팩,SPAC(소속부없음),1997.0,,-262.0,1.04,1929.0,
030610,교보증권,,10000.0,7.14,1401.0,0.52,19156.0,5.5
339770,교촌에프앤비,,3780.0,13.13,288.0,1.05,3617.0,7.94
053270,구영테크,우량기업부,1970.0,2.19,898.0,0.33,5942.0,3.55
007690,국도화학,,38550.0,20.29,1900.0,0.38,100517.0,3.37
066620,국보디자인,우량기업부,24100.0,3.96,6085.0,0.49,48878.0,2.08
043650,국순당,중견기업부,3545.0,10.91,325.0,0.24,15055.0,2.26
006050,국영지앤엠,중견기업부,490.0,21.3,23.0,0.32,1525.0,
060480,국일신동,중견기업부,1112.0,50.55,22.0,0.29,3808.0,2.7
078130,국일제지,중견기업부,3675.0,,-22.0,3.46,1061.0,
307750,국전,중견기업부,2145.0,,-156.0,1.09,1975.0,
002720,국제약품,,3350.0,11.84,283.0,0.72,4655.0,0.9
035080,그래디언트,중견기업부,9930.0,,-2093.0,0.25,39046.0,2.01
318060,그래피,기술성장기업부,18860.0,,-1034.0,11.42,1652.0,
453450,그리드위즈,중견기업부,13810.0,29.01,476.0,0.83,16606.0,
204020,그리티,우량기업부,1805.0,10.62,170.0,0.42,4267.0,6.37
0015G0,그린광학,기술성장기업부,15600.0,37.5,416.0,2.83,5514.0,
402490,그린리소스,기술성장기업부,6700.0,8.01,836.0,1.45,4608.0,
114450,그린생명과학,벤처기업부,2290.0,15.17,151.0,1.13,2019.0,
083420,그린케미칼,,4960.0,10.55,470.0,0.91,5464.0,4.84
186230,그린플러스,벤처기업부,3210.0,,-933.0,0.85,3774.0,
014530,극동유화,,3215.0,40.19,80.0,0.56,5789.0,6.22
900070,글로벌에스엠,외국기업(소속부없음),986.0,5.01,197.0,,,
204620,글로벌텍스프리,우량기업부,5260.0,10.71,491.0,2.43,2168.0,
019660,글로본,중견기업부,1617.0,,-439.0,2.25,720.0,
014280,금강공업,,4150.0,,-1027.0,0.32,12862.0,2.89
014285,금강공업우,,5310.0,,-1027.0,0.41,12862.0,2.45
053260,금강철강,우량기업부,5320.0,183.45,29.0,0.66,8059.0,3.2
008870,금비,,39300.0,36.76,1069.0,0.43,91023.0,3.05
001570,금양,,9900.0,,-983.0,1.41,6997.0,
282720,금양그린파워,중견기업부,7830.0,,-45.0,1.09,7213.0,
002990,금호건설,,9770.0,4.95,1973.0,1.48,6584.0,2.05
002995,금호건설우,,17880.0,9.06,1973.0,2.72,6584.0,1.96
011780,금호석유화학,,129600.0,14.45,8970.0,0.52,251072.0,1.31
011785,금호석유화학우,,52500.0,5.85,8970.0,0.21,251072.0,3.33
214330,금호에이치티,,5120.0,,-1937.0,0.16,31623.0,
001210,금호전기,,3160.0,,-31.0,1.41,2249.0,
073240,금호타이어,,7810.0,6.49,1204.0,1.0,7797.0,
036190,금화피에스시,우량기업부,32100.0,6.52,4924.0,0.5,64118.0,4.98
049080,기가레인,벤처기업부,9150.0,,-1317.0,2.03,4516.0,
420770,기가비스,우량기업부,110300.0,85.37,1292.0,6.94,15898.0,0.73
035460,기산텔레콤,벤처기업부,2270.0,5.29,429.0,0.58,3899.0,
092440,기신정기,,1870.0,,-27.0,0.22,8443.0,3.21
000270,기아,,134900.0,7.59,17772.0,0.85,158611.0,5.04
024110,기업은행,,20750.0,6.24,3325.0,0.45,46146.0,5.05
013700,까뮤이앤씨,,1580.0,3.69,428.0,0.79,1991.0,1.9
004540,깨끗한나라,,1176.0,,-1232.0,0.27,4320.0,
004545,깨끗한나라우,,4475.0,,-1232.0,1.04,4320.0,
407400,꿈비,벤처기업부,1984.0,,-563.0,0.6,3284.0,
187790,나노,벤처기업부,2985.0,37.31,80.0,2.27,1316.0,
238540,나노솔루션,일반기업부,103800.0,,,,,
121600,나노신소재,우량기업부,47650.0,78.89,604.0,2.22,21467.0,0.53
286750,나노실리칸첨단소재,투자주의환기종목(소속부없음),1425.0,,-210.0,1.75,812.0,
247660,나노씨엠에스,관리종목(소속부없음),2350.0,,-333.0,0.55,4250.0,
039860,나노엔텍,중견기업부,3820.0,50.26,76.0,1.57,2432.0,
417010,나노팀,벤처기업부,5050.0,210.42,24.0,2.11,2388.0,
244880,나눔테크,일반기업부,1748.0,,,,,5.72
405920,나라셀라,중견기업부,1727.0,,-31.0,0.34,5052.0,
478340,나라스페이스테크놀로지,기술성장기업부,10270.0,,-783.0,2.64,3884.0,
051490,나라엠앤디,우량기업부,2745.0,36.6,75.0,0.35,7762.0,3.28
137080,나래나노텍,중견기업부,5490.0,1.06,5169.0,0.47,11724.0,
190510,나무가,우량기업부,13430.0,9.57,1403.0,1.11,12107.0,5.42
242040,나무에이엑스,기술성장기업부,3630.0,,-39.0,3.21,1131.0,
293580,나우IB,중견기업부,1453.0,,-10.0,1.34,1083.0,1.51
459510,나우로보틱스,기술성장기업부,16930.0,,-701.0,16.68,1015.0,
138610,나이벡,기술성장기업부,15460.0,23.93,646.0,3.74,4136.0,
130580,나이스디앤비,우량기업부,5530.0,6.17,896.0,0.75,7377.0,4.09
036800,나이스정보통신,우량기업부,28150.0,5.76,4885.0,0.61,45850.0,3.91
366030,나인앤컴퍼니,중견기업부,4400.0,9.19,479.0,1.16,3787.0,1.82
267320,나인테크,벤처기업부,2020.0,,-252.0,1.25,1615.0,
001260,남광토건,,7500.0,11.03,680.0,0.57,13085.0,
008350,남선알미늄,,1037.0,,-31.0,0.47,2215.0,
008355,남선알미우,,7150.0,,-31.0,3.23,2215.0,
004270,남성,,5700.0,42.54,134.0,0.22,26233.0,3.48
003920,남양유업,,44350.0,29.22,1518.0,0.37,120264.0,3.22
003925,남양유업우,,30750.0,20.26,1518.0,0.26,120264.0,4.66
025860,남해화학,,5770.0,22.36,258.0,0.51,11326.0,1.56
111710,남화산업,중견기업부,2845.0,8.67,328.0,0.32,8963.0,7.03
091590,남화토건,중견기업부,4525.0,4.55,994.0,0.31,14549.0,2.21
168330,내츄럴엔도텍,투자주의환기종목(소속부없음),1865.0,,-73.0,2.44,763.0,
094860,네오리진,중견기업부,1352.0,,-296.0,1.05,1284.0,
0218L0,네오뷰,중견기업부,15660.0,,,,,
253590,네오셈,우량기업부,8900.0,66.42,134.0,3.06,2905.0,1.12
212560,네오오토,우량기업부,10150.0,7.72,1314.0,0.86,11813.0,1.97
095660,네오위즈,우량기업부,19280.0,7.15,2696.0,0.7,27406.0,1.57
042420,네오위즈홀딩스,우량기업부,23800.0,6.15,3870.0,0.42,56353.0,2.04
950220,네오이뮨텍,기술성장기업부,1529.0,,-1113.0,0.94,1620.0,
311390,네오크레마,벤처기업부,2350.0,15.36,153.0,0.41,5802.0,2.13
085910,네오티스,중견기업부,17530.0,44.83,391.0,4.06,4318.0,1.14
092730,네오팜,우량기업부,21150.0,11.56,1829.0,1.72,12282.0,3.55
153460,네이블,중견기업부,6500.0,22.57,288.0,1.21,5390.0,
007390,네이처셀,중견기업부,22250.0,,-43.0,22.73,979.0,
033640,네패스,중견기업부,15710.0,51.17,307.0,2.93,5369.0,
330860,네패스아크,중견기업부,24350.0,40.92,595.0,1.73,14058.0,
351320,넥사다이내믹스,중견기업부,910.0,,-512.0,1.4,651.0,
005720,넥센,,6190.0,3.33,1861.0,0.22,27755.0,2.83
005725,넥센우,,4295.0,2.31,1861.0,0.15,27755.0,4.19
002350,넥센타이어,,6550.0,3.94,1661.0,0.32,20681.0,3.05
002355,넥센타이어1우B,,3885.0,2.34,1661.0,0.19,20681.0,5.28
089140,넥스턴앤롤코리아,벤처기업부,2230.0,,-489.0,0.25,8969.0,
389650,넥스트바이오메디컬,기술성장기업부,40050.0,,-4.0,6.71,5965.0,
137940,넥스트아이,중견기업부,2020.0,,-4001.0,0.33,6046.0,
396270,넥스트칩,벤처기업부,2055.0,,-521.0,4.68,439.0,
348210,넥스틴,우량기업부,31050.0,,-710.0,2.19,14178.0,1.64
092790,넥스틸,,12300.0,17.04,722.0,0.68,18018.0,9.39
225570,넥슨게임즈,중견기업부,9120.0,,-1265.0,2.43,3757.0,
205500,넥써쓰,중견기업부,1571.0,,-119.0,2.84,554.0,
217270,넵튠,중견기업부,2490.0,,-871.0,0.35,7173.0,
251270,넷마블,,40900.0,9.73,4204.0,0.58,70328.0,2.14
317860,노드메이슨,일반기업부,4300.0,,,,,
104620,노랑풍선,중견기업부,3100.0,,-46.0,1.24,2503.0,
090350,노루페인트,,7700.0,7.9,975.0,0.38,20377.0,5.2
090355,노루페인트우,,11170.0,11.46,975.0,0.55,20377.0,3.63
000320,노루홀딩스,,16100.0,6.58,2445.0,0.33,48102.0,3.73
000325,노루홀딩스우,,23400.0,9.57,2445.0,0.49,48102.0,2.59
473980,노머스,기술성장기업부,10910.0,8.46,1289.0,1.11,9789.0,
194700,노바렉스,우량기업부,16270.0,7.06,2304.0,1.11,14680.0,2.46
285490,노바텍,벤처기업부,11570.0,6.81,1699.0,0.77,15049.0,24.81
145170,노브랜드,중견기업부,2890.0,15.79,183.0,0.29,9846.0,
229500,노브메타파마,일반기업부,4855.0,,,,,
376930,노을,기술성장기업부,625.0,,-471.0,1.52,411.0,
486990,노타,기술성장기업부,20250.0,,-770.0,18.11,1118.0,
006280,녹십자,,129900.0,,-1189.0,1.21,107655.0,1.16
142280,녹십자엠에스,중견기업부,2760.0,13.4,206.0,1.35,2048.0,
234690,녹십자웰빙,우량기업부,8810.0,83.9,105.0,1.46,6040.0,1.59
005250,녹십자홀딩스,,10310.0,,-1812.0,0.54,19023.0,2.91
005257,녹십자홀딩스2우,,15330.0,,-1812.0,0.81,19023.0,1.96
004370,농심,,405000.0,13.79,29364.0,0.81,500913.0,1.48
072710,농심홀딩스,,90800.0,3.56,25538.0,0.31,292524.0,3.3
069140,누리플랜,벤처기업부,1724.0,17.07,101.0,0.61,2812.0,
040160,누리플렉스,중견기업부,4840.0,,-468.0,0.77,6299.0,
332290,누보,벤처기업부,962.0,12.66,76.0,1.05,920.0,
348340,뉴로메카,기술성장기업부,19430.0,,-2080.0,9.97,1949.0,
380550,뉴로핏,기술성장기업부,8480.0,,-2107.0,5.4,1571.0,
060260,뉴보텍,벤처기업부,1303.0,6.97,187.0,0.71,1825.0,0.77
463020,뉴엔AI,기술성장기업부,11850.0,,-73.0,1.97,6001.0,
123840,뉴온,투자주의환기종목(소속부없음),1966.0,,-7174.0,0.14,14126.0,
012340,뉴인텍,투자주의환기종목(소속부없음),930.0,,-918.0,0.77,1204.0,
462310,뉴키즈온,중견기업부,3875.0,,-633.0,0.7,5566.0,
270870,뉴트리,중견기업부,4580.0,,-295.0,0.39,11657.0,
144960,뉴파워프라즈마,우량기업부,10580.0,27.06,391.0,1.43,7388.0,0.47
085670,뉴프렉스,우량기업부,2970.0,7.62,390.0,0.67,4431.0,3.37
064260,다날,중견기업부,4540.0,,-826.0,1.11,4105.0,
340360,다보링크,투자주의환기종목(소속부없음),1001.0,,-97.0,4.21,238.0,
039560,다산네트웍스,중견기업부,2500.0,,-192.0,0.37,6670.0,0.8
208860,다산디엠씨,벤처기업부,1000.0,,-165.0,0.58,1713.0,
154040,다산솔루에타,중견기업부,1003.0,1.74,578.0,0.35,2859.0,
058730,다스코,,3300.0,,-424.0,0.44,7471.0,
030210,다올투자증권,,3695.0,6.01,615.0,0.38,9741.0,6.5
023590,다우기술,,38400.0,2.81,13677.0,0.46,83856.0,4.69
032190,다우데이타,우량기업부,18990.0,2.88,6597.0,0.43,43919.0,2.9
323350,다원넥스뷰,기술성장기업부,7100.0,13.47,527.0,2.89,2456.0,
068240,다원시스,관리종목(소속부없음),2530.0,,-3748.0,,,
145210,다이나믹디자인,,0.0,,-1688.0,0.2,10964.0,
290660,다이나믹솔루션,기술성장기업부,1420.0,,-552.0,1.1,1295.0,
483650,달바글로벌,,246000.0,33.13,7425.0,13.18,18666.0,1.07
464580,닷밀,기술성장기업부,1694.0,52.94,32.0,0.95,1784.0,
019680,대교,,1109.0,,-389.0,0.34,3254.0,5.41
019685,대교우B,,736.0,,-389.0,0.23,3254.0,8.15
006370,대구백화점,,4615.0,,-2896.0,0.31,14905.0,
008060,대덕,,14710.0,25.15,585.0,0.79,18715.0,7.85
00806K,대덕1우,,10820.0,18.5,585.0,0.58,18715.0,10.72
353200,대덕전자,,103800.0,54.12,1918.0,5.82,17834.0,0.48
35320K,대덕전자1우,,22700.0,11.84,1918.0,1.27,17834.0,2.23
000490,대동,,6730.0,,-1241.0,0.37,18221.0,1.49
178600,대동고려삼,일반기업부,1700.0,,,,,
020400,대동금속,중견기업부,2750.0,,-191.0,0.41,6653.0,1.09
008830,대동기어,중견기업부,5850.0,,-282.0,1.15,5098.0,0.41
048470,대동스틸,중견기업부,2615.0,68.82,38.0,0.35,7462.0,1.15
004780,대륙제관,우량기업부,4055.0,5.82,697.0,0.4,10045.0,3.7
005750,대림바스,,4490.0,5.04,890.0,0.43,10483.0,4.01
017650,대림제지,우량기업부,9760.0,23.02,424.0,0.3,32209.0,1.03
006570,대림통상,,1990.0,,-1024.0,0.85,2354.0,
389260,대명에너지,우량기업부,14260.0,24.01,594.0,1.51,9458.0,
317850,대모,벤처기업부,5910.0,20.1,294.0,1.01,5862.0,1.02
290670,대보마그네틱,중견기업부,5180.0,,-4688.0,2.39,2167.0,
078140,대봉엘에스,우량기업부,8100.0,12.29,659.0,0.63,12841.0,0.62
065150,대산F&B,중견기업부,1616.0,2.61,618.0,1.0,1620.0,
001680,대상,,18550.0,,-8346.0,0.61,30218.0,4.58
001685,대상우,,14380.0,,-8346.0,0.48,30218.0,5.98
084690,대상홀딩스,,7770.0,,-2213.0,0.45,17235.0,3.86
084695,대상홀딩스우,,11860.0,,-2213.0,0.69,17235.0,2.61
036480,대성미생물,중견기업부,6230.0,36.22,172.0,0.68,9192.0,1.2
128820,대성산업,,4260.0,,-1337.0,0.25,16861.0,2.82
117580,대성에너지,,6780.0,6.66,1018.0,0.51,13173.0,3.69
027830,대성창투,중견기업부,992.0,248.0,4.0,0.54,1839.0,
129920,대성하이텍,벤처기업부,6100.0,,-1464.0,1.9,3207.0,
016710,대성홀딩스,,6910.0,6.81,1014.0,0.23,29497.0,3.62
471050,대신밸런스제17호스팩,관리종목(소속부없음),2105.0,60.14,35.0,1.05,2008.0,
482690,대신밸런스제19호스팩,SPAC(소속부없음),2070.0,76.67,27.0,1.0,2076.0,
0134X0,대신밸런스제20호스팩,SPAC(소속부없음),1978.0,,-315.0,0.69,2856.0,
0030R0,대신밸류리츠,,3840.0,116.36,33.0,0.8,4814.0,7.6
020180,대신정보통신,중견기업부,836.0,2.55,328.0,0.64,1311.0,5.98
003540,대신증권,,26100.0,9.27,2816.0,0.46,56922.0,4.6
003547,대신증권2우B,,19140.0,6.8,2816.0,0.34,56922.0,6.27
003545,대신증권우,,19960.0,7.09,2816.0,0.35,56922.0,6.26
045390,대아티아이,우량기업부,2570.0,10.04,256.0,1.16,2219.0,
009190,대양금속,,1780.0,8.24,216.0,0.99,1805.0,
108380,대양전기공업,우량기업부,17240.0,6.27,2751.0,0.58,29626.0,1.16
014160,대영포장,,708.0,,-5.0,0.38,1844.0,
047040,대우건설,,16410.0,,-1863.0,1.88,8745.0,
003090,대웅,,17940.0,5.66,3167.0,0.61,29627.0,1.12
069620,대웅제약,,129000.0,7.48,17249.0,1.45,89169.0,0.47
007680,대원,중견기업부,3400.0,,-477.0,0.16,21150.0,5.88
000430,대원강업,,3745.0,4.31,868.0,0.4,9446.0,2.94
048910,대원미디어,우량기업부,4880.0,8.91,548.0,0.57,8515.0,
005710,대원산업,우량기업부,11670.0,3.3,3537.0,0.39,29959.0,2.14
006340,대원전선,,13790.0,86.73,159.0,8.3,1661.0,
006345,대원전선우,,10120.0,63.65,159.0,6.09,1661.0,
003220,대원제약,,8160.0,,-195.0,0.67,12263.0,3.06
024890,대원화성,,2805.0,5.87,478.0,0.5,5616.0,
120240,대정화금,우량기업부,14710.0,7.29,2019.0,0.57,25633.0,3.23
003310,대주산업,우량기업부,1617.0,9.08,178.0,0.51,3169.0,2.29
114920,대주이엔티,일반기업부,3000.0,,,,,
078600,대주전자재료,우량기업부,88200.0,135.28,652.0,5.26,16783.0,0.11
393970,대진첨단소재,관리종목(소속부없음),2825.0,,-2724.0,0.8,3517.0,
012800,대창,,1186.0,8.59,138.0,0.32,3658.0,
015230,대창단조,,5920.0,5.53,1071.0,0.45,13240.0,3.04
096350,대창솔루션,벤처기업부,1800.0,,-124.0,2.01,894.0,
140520,대창스틸,중견기업부,1940.0,20.0,97.0,0.28,6945.0,7.73
131220,대한과학,벤처기업부,3250.0,7.32,444.0,0.54,5993.0,3.85
010170,대한광통신,중견기업부,11460.0,,-192.0,15.36,746.0,
054670,대한뉴팜,우량기업부,5760.0,5.27,1092.0,0.58,9847.0,1.74
001070,대한방직,,6110.0,3055.0,2.0,0.14,43117.0,
023910,대한약품,우량기업부,27000.0,6.01,4496.0,0.53,51218.0,3.7
006650,대한유화,,93700.0,7.32,12807.0,0.31,304913.0,1.39
001440,대한전선,,27100.0,103.44,262.0,3.18,8522.0,
084010,대한제강,,8380.0,36.12,232.0,0.3,27618.0,3.98
001790,대한제당,,2750.0,,-932.0,0.53,5200.0,4.36
001795,대한제당우,,2105.0,,-932.0,0.4,5200.0,5.94
001130,대한제분,,11600.0,,-1731.0,0.19,61288.0,3.45
439260,대한조선,,49150.0,6.66,7377.0,1.66,29657.0,0.51
003490,대한항공,,27150.0,16.26,1670.0,0.92,29417.0,2.76
003495,대한항공우,,21400.0,12.81,1670.0,0.73,29417.0,3.74
005880,대한해운,,2045.0,3.79,540.0,0.28,7224.0,
003830,대한화섬,,115200.0,11.93,9653.0,0.17,660907.0,0.65
016090,대현,,1498.0,5.31,282.0,0.24,6267.0,5.34
069460,대호에이엘,,2660.0,,-2449.0,0.6,4432.0,
021040,대호특수강,중견기업부,933.0,,-76.0,0.47,1987.0,
021045,대호특수강우,중견기업부,2480.0,,-76.0,1.25,1987.0,
067080,대화제약,중견기업부,9450.0,96.43,98.0,2.15,4388.0,1.59
298540,더네이쳐홀딩스,우량기업부,6740.0,,-142.0,0.28,23753.0,7.42
032860,더라미,중견기업부,690.0,,-144.0,0.54,1283.0,
475560,더본코리아,,13860.0,,-1758.0,0.86,16052.0,3.61
192080,더블유게임즈,,62300.0,8.69,7167.0,0.95,65806.0,1.93
393890,더블유씨피,기술성장기업부,7680.0,,-5233.0,0.29,26241.0,
299170,더블유에스아이,중견기업부,1315.0,,-112.0,0.91,1443.0,
462860,더즌,벤처기업부,2000.0,12.2,164.0,1.91,1046.0,1.5
224060,더코디,투자주의환기종목(소속부없음),3360.0,0.67,4999.0,0.15,23046.0,
302920,더콘텐츠온,일반기업부,360.0,,,,,
403850,더핑크퐁컴퍼니,중견기업부,11900.0,8.22,1448.0,0.89,13329.0,
213420,덕산네오룩스,우량기업부,33500.0,13.62,2460.0,1.76,19068.0,
317330,덕산테코피아,중견기업부,11000.0,,-3700.0,2.04,5392.0,
077360,덕산하이메탈,벤처기업부,9260.0,,-2193.0,1.97,4700.0,
004830,덕성,,3300.0,15.28,216.0,0.52,6382.0,3.49
004835,덕성우,,4000.0,18.52,216.0,0.63,6382.0,3.0
090410,덕신이피씨,우량기업부,817.0,,-14.0,0.3,2731.0,
0001A0,덕양에너젠,중견기업부,8370.0,33.35,251.0,1.88,4461.0,
263600,덕우전자,중견기업부,3605.0,2.47,1459.0,0.47,7718.0,
194480,데브시스터즈,중견기업부,21350.0,,-1191.0,1.55,13813.0,
373160,데이원컴퍼니,기술성장기업부,3195.0,6.63,482.0,0.96,3338.0,
263800,데이타솔루션,중견기업부,4985.0,26.95,185.0,2.36,2114.0,
199150,데이터스트림즈,일반기업부,1899.0,,,,,
206560,덱스터,기술성장기업부,1085.0,,-235.0,0.82,1327.0,
261200,덴티스,중견기업부,2905.0,,-476.0,0.89,3258.0,
145720,덴티움,,41400.0,21.42,1933.0,0.6,68510.0,1.45
227420,도부,일반기업부,729.0,,,,,
484120,도우인시스,중견기업부,17130.0,19.97,858.0,1.07,16034.0,
067990,도이치모터스,우량기업부,3890.0,31.12,125.0,0.3,12840.0,10.03
002150,도화엔지니어링,,5090.0,154.24,33.0,0.69,7351.0,5.89
006620,동구바이오제약,우량기업부,3900.0,2.2,1770.0,0.71,5476.0,3.08
100130,동국S&C,중견기업부,1503.0,,-172.0,0.46,3259.0,
005160,동국산업,중견기업부,2575.0,,-398.0,0.37,6893.0,5.63
303810,동국생명과학,중견기업부,2455.0,9.03,272.0,0.59,4178.0,
460850,동국씨엠,,5270.0,,-1619.0,0.16,32742.0,5.69
075970,동국알앤에스,중견기업부,1612.0,26.0,62.0,0.38,4261.0,4.96
460860,동국제강,,9800.0,40.5,242.0,0.26,37954.0,4.08
086450,동국제약,우량기업부,19300.0,11.71,1648.0,1.28,15058.0,1.04
001230,동국홀딩스,,1881.0,14.58,129.0,0.13,14614.0,
023450,동남합성,,29000.0,12.97,2236.0,1.76,16495.0,3.19
004140,동방,,1865.0,6.73,277.0,0.5,3697.0,1.61
240550,동방메디컬,중견기업부,6200.0,9.27,669.0,0.99,6240.0,
099410,동방선기,벤처기업부,2990.0,4.59,652.0,0.81,3679.0,
007590,동방아그로,,5580.0,10.49,532.0,0.39,14443.0,5.74
005960,동부건설,,6960.0,3.15,2212.0,0.28,24718.0,4.31
005965,동부건설우,,16800.0,7.59,2212.0,0.68,24718.0,2.08
026960,동서,,26500.0,18.33,1446.0,1.56,17032.0,4.3
002210,동성제약,,1512.0,,-905.0,1.53,989.0,
102260,동성케미컬,,3720.0,5.28,704.0,0.39,9500.0,3.99
033500,동성화인텍,우량기업부,17000.0,7.97,2133.0,1.93,8821.0,2.35
025950,동신건설,우량기업부,10620.0,52.32,203.0,0.92,11558.0,1.41
000640,동아쏘시오홀딩스,,89000.0,6.39,13918.0,0.51,173176.0,1.85
170900,동아에스티,,38250.0,,-1199.0,0.56,67799.0,1.74
088130,동아엘텍,우량기업부,5560.0,2.18,2556.0,0.51,10805.0,2.7
028100,동아지질,,17930.0,11.95,1501.0,0.96,18768.0,3.35
001520,동양,,1093.0,3.54,309.0,0.14,7698.0,
001527,동양2우B,,6700.0,21.68,309.0,0.87,7698.0,
084670,동양고속,,24550.0,19.89,1234.0,1.18,20807.0,
082640,동양생명,,8250.0,12.89,640.0,0.7,11818.0,
060380,동양에스텍,중견기업부,1191.0,34.03,35.0,0.21,5755.0,4.2
001525,동양우,,8580.0,27.77,309.0,1.11,7698.0,
079960,동양이엔피,우량기업부,20150.0,3.33,6059.0,0.34,60044.0,2.23
228340,동양파일,중견기업부,2430.0,,-219.0,0.42,5846.0,
088910,동우팜투테이블,우량기업부,2145.0,1.67,1286.0,0.22,9538.0,2.33
094170,동운아나텍,우량기업부,31350.0,115.68,271.0,9.49,3304.0,0.54
013120,동원개발,우량기업부,2230.0,7.66,291.0,0.19,11999.0,4.04
018500,동원모빌리티,,1427.0,1.71,835.0,0.37,3844.0,3.5
006040,동원산업,,37750.0,3.92,9628.0,0.45,83296.0,3.05
030720,동원수산,,5890.0,2.99,1970.0,0.45,13108.0,
014820,동원시스템즈,,22250.0,10.99,2025.0,0.74,30028.0,2.7
014825,동원시스템즈우,,13670.0,6.75,2025.0,0.46,30028.0,4.76
111380,동인기연,,12960.0,4.88,2656.0,0.49,26584.0,5.25
163560,동일고무벨트,,5800.0,4.26,1362.0,0.33,17664.0,2.59
109860,동일금속,우량기업부,7340.0,14.42,509.0,0.4,18356.0,4.36
032960,동일기연,관리종목(소속부없음),2105.0,4.42,476.0,0.56,3760.0,4.75
004890,동일산업,,34250.0,,-2047.0,0.18,192870.0,2.92
023790,동일스틸럭스,중견기업부,1545.0,,-457.0,1.14,1351.0,
002690,동일제강,,1476.0,18.68,79.0,0.19,7773.0,
005290,동진쎄미켐,우량기업부,39350.0,15.58,2525.0,1.78,22109.0,1.65
025900,동화기업,중견기업부,8060.0,,-590.0,0.45,17849.0,
000020,동화약품,,5090.0,7.62,668.0,0.36,13998.0,1.28
000150,두산,,1191000.0,277.88,4286.0,9.65,123409.0,0.34
000157,두산2우B,,334500.0,78.04,4286.0,2.71,123409.0,1.2
454910,두산로보틱스,,70700.0,,-852.0,13.44,5262.0,
241560,두산밥캣,,63600.0,14.42,4411.0,0.81,79003.0,2.67
034020,두산에너빌리티,,77100.0,319.92,241.0,6.15,12542.0,
000155,두산우,,436000.0,101.73,4286.0,3.53,123409.0,0.93
131970,두산테스나,우량기업부,63700.0,46.74,1363.0,2.77,23011.0,0.25
336260,두산퓨얼셀,,30550.0,,-1660.0,7.03,4347.0,
33626K,두산퓨얼셀1우,,4840.0,,-1660.0,1.11,4347.0,
33626L,두산퓨얼셀2우B,,7240.0,,-1660.0,1.67,4347.0,
016740,두올,,3370.0,4.98,677.0,0.34,9937.0,3.56
073190,듀오백,관리종목(소속부없음),1559.0,,-352.0,0.51,3074.0,
176750,듀켐바이오,기술성장기업부,6620.0,27.02,245.0,3.74,1768.0,
030350,드래곤플라이,관리종목(소속부없음),973.0,,-600.0,2.99,325.0,
203650,드림시큐리티,중견기업부,1966.0,24.58,80.0,1.57,1253.0,
223250,드림씨아이에스,벤처기업부,3390.0,13.19,257.0,1.06,3206.0,
060570,드림어스컴퍼니,중견기업부,728.0,,-34.0,0.37,1950.0,
362990,드림인사이트,벤처기업부,1171.0,,-14.0,0.59,2000.0,1.71
192650,드림텍,,4600.0,,-112.0,0.83,5522.0,4.91
016670,디모아,중견기업부,2570.0,1.16,2221.0,0.28,9204.0,
187870,디바이스,우량기업부,12030.0,5.86,2054.0,0.97,12465.0,2.76
489730,디비금융제13호스팩,SPAC(소속부없음),2025.0,50.63,40.0,1.0,2017.0,
0004Y0,디비금융제14호스팩,SPAC(소속부없음),1999.0,199.9,10.0,1.02,1964.0,
024090,디씨엠,,11080.0,13.27,835.0,0.36,30494.0,7.4
003160,디아이,,23300.0,60.99,382.0,3.39,6864.0,1.07
092200,디아이씨,,4980.0,,-324.0,1.34,3712.0,
110990,디아이티,우량기업부,15290.0,7.4,2066.0,1.16,13152.0,2.75
263690,디알젬,우량기업부,5070.0,5.98,848.0,0.59,8661.0,3.51
214680,디알텍,벤처기업부,790.0,,-250.0,0.92,861.0,
347850,디앤디파마텍,기술성장기업부,57500.0,,-535.0,33.78,1702.0,
377190,디앤디플랫폼리츠,,2160.0,31.3,69.0,0.52,4132.0,11.11
263720,디앤씨미디어,우량기업부,7100.0,11.18,635.0,0.91,7789.0,
376300,디어유,우량기업부,19660.0,18.53,1061.0,2.2,8942.0,1.61
104040,디에스엠,벤처기업부,2785.0,,-14.0,0.67,4161.0,
109740,디에스케이,벤처기업부,4035.0,,-550.0,0.98,4112.0,
031860,디에이치엑스컴퍼니,관리종목(소속부없음),693.0,,-1788.0,0.64,1075.0,
196490,디에이테크놀로지,투자주의환기종목(소속부없음),0.0,,-1471.0,,,
066900,디에이피,관리종목(소속부없음),1720.0,0.83,2084.0,0.27,6360.0,
092070,디엔에프,중견기업부,12650.0,66.93,189.0,0.95,13250.0,0.79
039840,디오,중견기업부,12570.0,22.25,565.0,0.87,14368.0,
013570,디와이,,4135.0,12.27,337.0,0.27,15413.0,4.11
024900,디와이덕양,,1726.0,32.57,53.0,0.46,3781.0,3.48
219550,디와이디,관리종목(소속부없음),1380.0,,-227.0,3.01,459.0,
310870,디와이씨,벤처기업부,1355.0,6.71,202.0,0.5,2718.0,1.48
002880,디와이에이,,764.0,26.34,29.0,0.71,1073.0,
210540,디와이파워,,11280.0,4.77,2364.0,0.39,29179.0,4.43
104460,디와이피엔에프,우량기업부,8700.0,4.85,1794.0,0.56,15524.0,8.05
113810,디젠스,중견기업부,2060.0,19.43,106.0,0.52,3936.0,
043360,디지아이,벤처기업부,2255.0,,-49.0,0.5,4513.0,
197140,디지캡,벤처기업부,2090.0,,-31.0,0.49,4276.0,
068930,디지털대성,우량기업부,8360.0,9.25,904.0,1.67,4999.0,6.22
033130,디지틀조선,중견기업부,1887.0,8.74,216.0,0.76,2498.0,2.12
105740,디케이락,우량기업부,7200.0,9.94,724.0,0.54,13304.0,4.17
263020,디케이앤디,벤처기업부,3045.0,4.99,610.0,0.52,5838.0,3.28
290550,디케이티,우량기업부,17400.0,10.58,1644.0,1.57,11114.0,
066670,디티씨,중견기업부,2855.0,9.88,289.0,0.26,10778.0,
187220,디티앤씨,중견기업부,2140.0,3.07,696.0,0.24,8810.0,4.67
383930,디티앤씨알오,중견기업부,1840.0,,-961.0,2.08,885.0,
131180,딜리,벤처기업부,3590.0,7.84,458.0,0.32,11247.0,12.54
315640,딥노이드,기술성장기업부,1635.0,,-427.0,1.95,838.0,
900110,딥커머스,외국기업(소속부없음),1101.0,0.86,1282.0,0.04,31300.0,
317120,라닉스,기술성장기업부,1407.0,,-570.0,1.1,1280.0,
462510,라메디텍,기술성장기업부,2770.0,,-1309.0,4.25,651.0,
232680,라온로보틱스,기술성장기업부,9190.0,22.75,404.0,2.57,3581.0,2.18
042510,라온시큐어,벤처기업부,8020.0,21.62,371.0,1.68,4787.0,
418420,라온텍,기술성장기업부,3585.0,,-247.0,8.24,435.0,
300120,라온피플,벤처기업부,491.0,,-375.0,0.5,983.0,
171120,라이온켐텍,우량기업부,2045.0,4.94,414.0,0.51,3980.0,4.89
388790,라이콤,벤처기업부,4270.0,,-9.0,6.24,684.0,
214260,라파스,기술성장기업부,9010.0,,-455.0,2.75,3272.0,
403360,라피치,일반기업부,5560.0,,,,,
171010,램테크놀러지,벤처기업부,2830.0,,-558.0,0.99,2867.0,
084650,랩지노믹스,중견기업부,882.0,,-858.0,0.44,2009.0,
217500,러셀,벤처기업부,1635.0,,-54.0,0.87,1883.0,1.84
092590,럭스피아,일반기업부,697.0,,,,,
266170,레드우즈,일반기업부,1050.0,,,,,
038390,레드캡투어,우량기업부,9960.0,6.95,1434.0,0.82,12193.0,8.03
387690,레메디,기술성장기업부,10530.0,13.55,777.0,4.85,2169.0,
294140,레몬,관리종목(소속부없음),2080.0,,-571.0,6.8,306.0,
365660,레몬헬스케어,기술성장기업부,6120.0,,-187.0,100.33,61.0,
443250,레뷰코퍼레이션,벤처기업부,5870.0,11.96,491.0,1.33,4410.0,
228670,레이,벤처기업부,5390.0,23.43,230.0,1.05,5137.0,
228850,레이언스,우량기업부,6520.0,283.48,23.0,0.43,15222.0,4.6
412350,레이저쎌,기술성장기업부,3980.0,,-1382.0,3.04,1308.0,
199550,레이저옵텍,벤처기업부,2420.0,,-696.0,1.53,1577.0,
281740,레이크머티리얼즈,우량기업부,12630.0,67.54,187.0,5.97,2116.0,0.24
277810,레인보우로보틱스,기술성장기업부,465000.0,7265.63,64.0,67.87,6851.0,
215100,로보로보,벤처기업부,4195.0,,-110.0,2.96,1418.0,
090360,로보스타,중견기업부,87100.0,,-211.0,9.67,9006.0,
108490,로보티즈,기술성장기업부,229500.0,,-444.0,9.43,24350.0,
900260,로스웰,외국기업(소속부없음),1687.0,2.46,686.0,0.25,6764.0,
033290,로젠,우량기업부,1600.0,5.02,319.0,0.21,7623.0,
223220,로지스몬,일반기업부,238.0,,,,,
067730,로지시스,중견기업부,2180.0,6.25,349.0,1.02,2141.0,6.88
071280,로체시스템즈,우량기업부,5930.0,7.62,778.0,0.65,9175.0,0.84
376900,로킷헬스케어,기술성장기업부,31100.0,,-282.0,45.53,683.0,
214610,롤링스톤,관리종목(소속부없음),2290.0,,-3218.0,1.46,1572.0,
032350,롯데관광개발,,13030.0,23.35,558.0,2.87,4547.0,
089860,롯데렌탈,,40400.0,11.37,3553.0,0.94,42914.0,2.97
330590,롯데리츠,,3740.0,28.33,132.0,0.97,3857.0,6.42
000400,롯데손해보험,,1997.0,30.72,65.0,0.88,2280.0,
023530,롯데쇼핑,,99700.0,17.24,5782.0,0.18,541138.0,4.01
020150,롯데에너지머티리얼즈,,30600.0,,-2086.0,0.93,32762.0,
280360,롯데웰푸드,,116900.0,16.53,7074.0,0.47,250335.0,2.82
286940,롯데이노베이트,,19290.0,25.65,752.0,0.69,28022.0,3.63
004000,롯데정밀화학,,48550.0,10.23,4744.0,0.51,95896.0,3.09
004990,롯데지주,,23700.0,,-5026.0,0.27,86421.0,5.27
00499K,롯데지주우,,21800.0,,-5026.0,0.25,86421.0,5.96
005300,롯데칠성,,102600.0,15.97,6423.0,0.67,152059.0,3.31
005305,롯데칠성우,,70100.0,10.91,6423.0,0.46,152059.0,4.86
011170,롯데케미칼,,61000.0,,-42003.0,0.2,307030.0,1.64
071840,롯데하이마트,,6480.0,,-383.0,0.16,39511.0,4.63
328130,루닛,기술성장기업부,10860.0,,-1074.0,5.45,1992.0,
038060,루멘스,중견기업부,886.0,,-105.0,0.39,2280.0,
474170,루미르,기술성장기업부,6180.0,268.7,23.0,1.8,3438.0,
162120,루켄테크놀러지스,일반기업부,3795.0,,,,,
195990,루트K,관리종목(소속부없음),1285.0,,-3062.0,0.32,3999.0,
253610,루트락,일반기업부,937.0,,,,,
141080,리가켐바이오,기술성장기업부,113200.0,,-3772.0,8.91,12705.0,
058470,리노공업,우량기업부,65700.0,30.72,2139.0,7.01,9366.0,1.22
016100,리더스코스메틱,중견기업부,1075.0,,-433.0,0.33,3217.0,
012700,리드코프,우량기업부,3050.0,4.1,743.0,0.18,16659.0,4.92
302550,리메드,기술성장기업부,2950.0,77.63,38.0,2.25,1309.0,
491000,리브스메드,기술성장기업부,46200.0,,-975.0,6.6,7005.0,
394420,리센스메디컬,기술성장기업부,10790.0,,-2058.0,5.56,1941.0,
073570,리튬포어스,관리종목(소속부없음),1625.0,,-1234.0,0.36,4555.0,
377450,리파인,우량기업부,13910.0,22.88,608.0,1.08,12936.0,1.87
277070,린드먼아시아,중견기업부,3010.0,11.94,252.0,0.65,4652.0,8.31
042500,링네트,우량기업부,4370.0,8.49,515.0,0.78,5607.0,6.87
193250,링크드,중견기업부,1599.0,,-348.0,0.36,4478.0,
474650,링크솔루션,기술성장기업부,23000.0,,-1682.0,3.82,6017.0,
219420,링크제니시스,기술성장기업부,3485.0,8.94,390.0,0.81,4296.0,
439090,마녀공장,우량기업부,17310.0,22.78,760.0,2.2,7883.0,
027740,마니커,,1182.0,197.0,6.0,0.97,1215.0,
195500,마니커에프앤지,중견기업부,1710.0,11.32,151.0,0.34,4991.0,
357430,마스턴프리미어리츠,,880.0,,-149.0,0.28,3088.0,16.14
377480,마음AI,기술성장기업부,11140.0,,-780.0,3.36,3315.0,
305090,마이크로디지탈,기술성장기업부,1881.0,,-869.0,1.53,1232.0,
448780,마이크로엔엑스,일반기업부,766.0,,,,,
098120,마이크로컨텍솔,우량기업부,24000.0,11.16,2151.0,2.32,10334.0,0.42
424980,마이크로투나노,기술성장기업부,6530.0,,-829.0,1.46,4484.0,
038290,마크로젠,중견기업부,12320.0,35.0,352.0,0.88,14017.0,4.06
477850,마키나락스,기술성장기업부,29050.0,,-944.0,35.64,815.0,
001080,만호제강,,3970.0,54.38,73.0,0.32,12498.0,
0039P0,매드업,기술성장기업부,9550.0,15.55,614.0,4.51,2116.0,
267980,매일유업,우량기업부,34550.0,4.14,8340.0,0.39,87631.0,3.76
005990,매일홀딩스,우량기업부,10780.0,4.02,2682.0,0.31,35215.0,2.41
093520,매커스,우량기업부,23650.0,15.44,1532.0,1.71,13832.0,5.07
088980,맥쿼리인프라,,9980.0,,,,,7.62
094800,맵스리얼티,,6360.0,,,,,4.32
179720,머니무브,일반기업부,7000.0,,,,,
100590,머큐리,중견기업부,3475.0,46.33,75.0,0.39,8983.0,
067280,멀티캠퍼스,우량기업부,25250.0,6.43,3929.0,0.66,38000.0,5.35
072870,메가스터디,우량기업부,13230.0,5.45,2429.0,0.46,28495.0,9.98
215200,메가스터디교육,우량기업부,41150.0,5.04,8157.0,0.88,46908.0,7.29
133750,메가엠디,중견기업부,1366.0,6.57,208.0,0.45,3033.0,4.39
446540,메가터치,중견기업부,6700.0,53.17,126.0,2.46,2725.0,
235980,메드팩토,기술성장기업부,2770.0,,-385.0,2.23,1242.0,
200580,메디쎄이,일반기업부,10290.0,,,,,
041920,메디아나,우량기업부,9230.0,28.23,327.0,1.23,7489.0,
233250,메디안디노스틱,일반기업부,4800.0,,,,,
014100,메디앙스,중견기업부,1894.0,14.8,128.0,0.3,6237.0,
236340,메디젠휴먼케어,일반기업부,2400.0,,,,,
054180,메디콕스,관리종목(소속부없음),0.0,,-1914.0,0.28,8270.0,
086900,메디톡스,우량기업부,79800.0,30.0,2660.0,1.48,53877.0,1.5
078160,메디포스트,벤처기업부,9850.0,,-2061.0,1.6,6153.0,
138040,메리츠금융지주,,126300.0,9.47,13340.0,1.94,64995.0,
0088D0,메리츠제1호스팩,SPAC(소속부없음),2090.0,,-67.0,1.06,1963.0,
0165X0,메리츠제2호스팩,SPAC(소속부없음),1946.0,,,0.81,2417.0,
408920,메쎄이상,우량기업부,3150.0,7.89,399.0,1.69,1865.0,3.81
021880,메이슨캐피탈,중견기업부,1205.0,,-176.0,0.33,3657.0,
0088M0,메쥬,기술성장기업부,12880.0,30.96,416.0,3.18,4053.0,
140410,메지온,투자주의환기종목(소속부없음),54500.0,,-1222.0,106.86,510.0,
241770,메카로,우량기업부,36000.0,27.21,1323.0,1.72,20959.0,0.97
090370,메타랩스,,1089.0,,-390.0,0.39,2769.0,
059210,메타바이오메드,우량기업부,3960.0,11.06,358.0,0.84,4693.0,2.65
118000,메타케어,,1406.0,26.04,54.0,0.2,6977.0,
058110,멕아이씨에스,기술성장기업부,1585.0,,-54.0,0.66,2396.0,
072770,멤레이비티,중견기업부,743.0,,-537.0,0.65,1146.0,
017180,명문제약,,1160.0,13.03,89.0,0.4,2929.0,
009900,명신산업,,7010.0,5.01,1398.0,0.46,15334.0,1.43
317450,명인제약,,46050.0,6.98,6594.0,0.85,54416.0,3.26
012690,모나리자,,1437.0,26.13,55.0,0.61,2350.0,3.48
005360,모나미,,1602.0,,-580.0,0.39,4116.0,1.87
070960,모나용평,,2230.0,,-669.0,0.29,7722.0,
434480,모니터랩,기술성장기업부,2390.0,64.59,37.0,0.78,3046.0,
080420,모다이노칩,중견기업부,1714.0,,-139.0,0.38,4488.0,
417970,모델솔루션,우량기업부,10670.0,8.34,1280.0,0.94,11307.0,2.62
080160,모두투어,우량기업부,8920.0,13.68,652.0,1.76,5068.0,
087260,모바일어플라이언스,벤처기업부,247.0,,-121.0,0.17,1418.0,
101330,모베이스,중견기업부,3500.0,3.78,925.0,0.21,16887.0,4.0
012860,모베이스전자,우량기업부,2315.0,8.15,284.0,0.67,3439.0,1.73
363260,모비데이즈,벤처기업부,883.0,12.99,68.0,0.74,1201.0,4.53
348030,모비릭스,중견기업부,3175.0,,-708.0,0.61,5227.0,
250060,모비스,기술성장기업부,2805.0,,-42.0,2.71,1034.0,
288980,모아데이타,기술성장기업부,685.0,,-620.0,1.58,433.0,
142760,모아라이프플러스,기술성장기업부,349.0,,-326.0,0.46,759.0,
033200,모아텍,투자주의환기종목(소속부없음),2575.0,,-46.0,0.35,7460.0,
009680,모토닉,,10160.0,11.07,918.0,0.47,21805.0,7.78
118990,모트렉스,우량기업부,4985.0,33.01,151.0,0.45,11073.0,
463480,모티브링크,중견기업부,4055.0,,-94.0,1.39,2907.0,
006920,모헨즈,중견기업부,3225.0,,-212.0,1.19,2705.0,
009580,무림P&P,,1694.0,,-569.0,0.18,9286.0,7.38
001810,무림SP,중견기업부,1219.0,,-184.0,0.14,8865.0,1.23
009200,무림페이퍼,,1532.0,,-512.0,0.15,10134.0,8.16
322970,무진메디,일반기업부,1870.0,,,,,
033920,무학,,7650.0,7.92,966.0,0.35,21896.0,7.4
008420,문배철강,,2130.0,6.53,326.0,0.22,9526.0,2.35
279600,미디어젠,벤처기업부,4185.0,,-857.0,1.42,2938.0,
095500,미래나노텍,우량기업부,7270.0,15.34,474.0,0.66,11094.0,0.96
254490,미래반도체,우량기업부,15670.0,6.82,2299.0,1.69,9254.0,
025560,미래산업,,6220.0,8.63,721.0,1.08,5756.0,
218150,미래생명자원,벤처기업부,1992.0,,-161.0,0.96,2085.0,
007120,미래아이앤지,,1171.0,,-47.0,0.65,1812.0,
396690,미래에셋글로벌리츠,,1637.0,,-60.0,0.45,3636.0,16.19
357250,미래에셋맵스리츠,,1822.0,37.18,49.0,0.48,3758.0,12.73
100790,미래에셋벤처투자,우량기업부,14190.0,17.28,821.0,1.93,7335.0,
0097F0,미래에셋비전스팩10호,SPAC(소속부없음),1987.0,,-34.0,1.02,1939.0,
0099W0,미래에셋비전스팩11호,SPAC(소속부없음),1980.0,,-6.0,1.06,1864.0,
477380,미래에셋비전스팩4호,SPAC(소속부없음),2065.0,62.58,33.0,1.09,1901.0,
477470,미래에셋비전스팩5호,SPAC(소속부없음),2070.0,64.69,32.0,1.06,1944.0,
478440,미래에셋비전스팩6호,SPAC(소속부없음),2045.0,63.91,32.0,1.02,2011.0,
482680,미래에셋비전스팩7호,SPAC(소속부없음),2055.0,82.2,25.0,1.01,2039.0,
0093G0,미래에셋비전스팩8호,SPAC(소속부없음),1990.0,,-1.0,1.01,1970.0,
0096D0,미래에셋비전스팩9호,SPAC(소속부없음),1981.0,,,1.04,1907.0,
085620,미래에셋생명,,17390.0,21.44,811.0,0.79,22038.0,
006800,미래에셋증권,,33900.0,10.64,3187.0,1.4,24209.0,0.88
00680K,미래에셋증권2우B,,11060.0,3.47,3187.0,0.46,24209.0,2.71
006805,미래에셋증권우,,12210.0,3.83,3187.0,0.5,24209.0,2.7
208890,미래엔에듀파트너,일반기업부,900.0,,,,,
049950,미래컴퍼니,중견기업부,9960.0,,-1831.0,0.75,13270.0,
207760,미스터블루,중견기업부,384.0,,-280.0,0.75,509.0,
081660,미스토홀딩스,,46600.0,11.7,3982.0,1.22,38171.0,4.25
002840,미원상사,,124400.0,14.26,8725.0,1.34,92593.0,1.93
268280,미원에스씨,,123100.0,9.27,13284.0,1.29,95345.0,2.6
107590,미원홀딩스,,53000.0,4.05,13083.0,0.4,131569.0,1.32
134380,미원화학,,10380.0,8.33,1246.0,1.14,9085.0,4.34
351020,미쥬,일반기업부,6990.0,,,,,
003650,미창석유,,149000.0,3.13,47533.0,0.46,324840.0,2.35
059090,미코,벤처기업부,15590.0,78.34,199.0,3.07,5077.0,
201490,미투온,중견기업부,2140.0,237.78,9.0,0.44,4874.0,
475460,미트박스,벤처기업부,5760.0,14.08,409.0,0.86,6701.0,1.74
452200,민테크,기술성장기업부,1447.0,,-41.0,1.17,1241.0,
206640,바디텍메드,우량기업부,10990.0,9.83,1118.0,0.99,11130.0,1.37
035620,바른손이앤에이,관리종목(소속부없음),784.0,,-403.0,0.25,3171.0,
354390,바스칸바이오제약,일반기업부,3900.0,,,,,
053030,바이넥스,중견기업부,6940.0,,-393.0,1.23,5648.0,
301300,바이브컴퍼니,기술성장기업부,2040.0,,-1283.0,0.67,3033.0,
377740,바이오노트,,4845.0,,-492.0,0.32,15288.0,4.71
064550,바이오니아,중견기업부,6910.0,,-226.0,0.87,7960.0,
314930,바이오다인,기술성장기업부,8280.0,168.98,49.0,5.51,1503.0,
489460,바이오비쥬,벤처기업부,10750.0,29.45,365.0,2.55,4210.0,0.93
086820,바이오솔루션,기술성장기업부,5970.0,221.11,27.0,3.67,1625.0,
038460,바이오스마트,우량기업부,2850.0,6.51,438.0,0.47,6098.0,
251120,바이오에프디엔씨,기술성장기업부,8230.0,11.54,713.0,0.99,8320.0,
199730,바이오인프라,관리종목(소속부없음),1700.0,,-2033.0,0.66,2578.0,17.65
266470,바이오인프라생명과학,일반기업부,105.0,,,,,
289170,바이오텐,일반기업부,2900.0,,,,,
086040,바이오톡스텍,벤처기업부,2255.0,46.98,48.0,0.91,2486.0,
188040,바이오포트,벤처기업부,4990.0,,-161.0,0.56,8930.0,
199290,바이오프로테크,일반기업부,400.0,,,,,
099430,바이오플러스,우량기업부,3645.0,15.99,228.0,1.26,2885.0,1.92
308080,바이젠셀,기술성장기업부,5400.0,,-798.0,2.69,2007.0,
043150,바텍,우량기업부,19150.0,6.73,2846.0,0.56,34367.0,1.57
323990,박셀바이오,기술성장기업부,4170.0,,-632.0,1.69,2469.0,
003610,방림,,5650.0,33.43,169.0,0.98,5745.0,1.24
267790,배럴,중견기업부,3075.0,7.2,427.0,0.6,5117.0,2.44
046310,백금T&A,우량기업부,2260.0,11.96,189.0,0.5,4536.0,4.43
035150,백산,,10430.0,6.55,1592.0,0.79,13181.0,4.31
331520,밸로프,중견기업부,2195.0,6.8,323.0,0.63,3462.0,
199480,뱅크웨어글로벌,기술성장기업부,2625.0,,-135.0,1.53,1716.0,
438700,버넥트,기술성장기업부,1719.0,,-365.0,0.67,2559.0,
066410,버킷스튜디오,투자주의환기종목(소속부없음),1153.0,,-400.0,1.34,858.0,
002410,범양건영,,1935.0,,-2886.0,,,
382900,범한퓨얼셀,벤처기업부,15640.0,,-7.0,0.84,18603.0,
206400,베노티앤알,중견기업부,846.0,,-311.0,0.47,1818.0,
019010,베뉴지,중견기업부,3585.0,1.24,2898.0,0.33,10982.0,1.95
177350,베셀,투자주의환기종목(소속부없음),695.0,0.76,914.0,0.34,2046.0,
457600,벡트,벤처기업부,3330.0,,-385.0,2.62,1273.0,
424760,벨로크,벤처기업부,2105.0,9.75,216.0,0.78,2689.0,
007210,벽산,,1473.0,3.82,386.0,0.27,5407.0,2.04
250000,보라티알,우량기업부,5600.0,114.29,49.0,0.44,12670.0,7.14
002760,보락,,1003.0,22.8,44.0,1.23,816.0,0.7
003850,보령,,8800.0,7.16,1229.0,0.85,10342.0,1.82
310210,보로노이,기술성장기업부,147700.0,,-2751.0,29.48,5010.0,
006910,보성파워텍,우량기업부,6620.0,13.48,491.0,2.83,2343.0,
0010F0,보원케미칼,벤처기업부,2335.0,111.19,21.0,0.78,2992.0,
000890,보해양조,,1379.0,9.85,140.0,0.42,3322.0,
226340,본느,중견기업부,6200.0,,-1682.0,1.57,3960.0,
496320,본시스템즈,일반기업부,1023000.0,,,,,
206950,볼빅,일반기업부,1694.0,,,,,
003000,부광약품,,4325.0,28.27,153.0,1.28,3380.0,2.89
001270,부국증권,,55700.0,18.54,3004.0,0.61,92011.0,4.31
001275,부국증권우,,29900.0,9.95,3004.0,0.32,92011.0,8.19
026940,부국철강,,1965.0,19.65,100.0,0.29,6816.0,4.07
014470,부방,벤처기업부,988.0,20.16,49.0,0.31,3225.0,
011390,부산산업,,40200.0,,-3119.0,0.34,118903.0,0.62
005030,부산주공,,486.0,44.18,11.0,1.88,258.0,
008470,부스타,벤처기업부,2010.0,32.42,62.0,0.42,4799.0,1.99
338220,뷰노,기술성장기업부,7970.0,,-463.0,2.71,2937.0,
100120,뷰웍스,우량기업부,25400.0,8.35,3042.0,0.9,28342.0,2.72
406820,뷰티스킨,벤처기업부,1880.0,,-167.0,0.89,2122.0,
099390,브레인즈컴퍼니,벤처기업부,3425.0,4.4,779.0,0.5,6919.0,4.96
064480,브리지텍,벤처기업부,2750.0,19.1,144.0,0.77,3584.0,4.36
365900,브이씨,벤처기업부,2460.0,,-288.0,0.49,5027.0,
089970,브이엠,우량기업부,60500.0,31.09,1946.0,7.7,7858.0,
251630,브이원텍,벤처기업부,3800.0,,-533.0,0.57,6615.0,2.63
018290,브이티,우량기업부,13580.0,8.45,1608.0,1.8,7550.0,
478560,블랙야크아이앤씨,벤처기업부,2755.0,,-97.0,1.95,1410.0,11.8
006740,블루산업개발,,1052.0,,-906.0,0.3,3562.0,
439580,블루엠텍,기술성장기업부,1714.0,,-8.0,1.22,1403.0,
033560,블루콤,중견기업부,5250.0,20.19,260.0,0.46,11375.0,
191600,블루탑,일반기업부,15440.0,,,,,
369370,블리츠웨이엔터테인먼트,벤처기업부,3800.0,,-1373.0,2.28,1668.0,
126340,비나텍,벤처기업부,66700.0,,-771.0,3.75,17782.0,
121800,비덴트,관리종목(소속부없음),3320.0,,-534.0,0.42,7822.0,
082800,비보존 제약,중견기업부,2815.0,,-636.0,1.73,1624.0,
318410,비비씨,중견기업부,5810.0,5.82,998.0,0.4,14542.0,6.89
002070,비비안,,5690.0,,-6429.0,0.22,25588.0,
100220,비상교육,,5140.0,2.74,1876.0,0.28,18189.0,4.28
419540,비스토스,벤처기업부,3110.0,,-99.0,0.79,3932.0,
146320,비씨엔씨,벤처기업부,9680.0,47.22,205.0,1.56,6216.0,
200780,비씨월드제약,중견기업부,3115.0,,-235.0,0.45,6916.0,2.93
413640,비아이매트릭스,벤처기업부,6440.0,16.64,387.0,1.43,4510.0,
141000,비아트론,벤처기업부,8700.0,22.72,383.0,0.48,18033.0,1.15
090460,비에이치,,14370.0,5.99,2397.0,0.6,23988.0,1.74
083650,비에이치아이,우량기업부,49900.0,25.06,1991.0,8.44,5911.0,
0068Y0,비엔케이제3호스팩,SPAC(소속부없음),1989.0,,-12.0,1.03,1939.0,
065170,비엘팜텍,투자주의환기종목(소속부없음),2335.0,,-566.0,6.33,369.0,
086670,비엠티,우량기업부,16430.0,8.25,1992.0,1.11,14822.0,3.65
488900,비츠로넥스텍,기술성장기업부,8920.0,,-263.0,4.62,1932.0,
082920,비츠로셀,우량기업부,31000.0,21.91,1415.0,4.1,7557.0,0.84
054220,비츠로시스,벤처기업부,1589.0,9.51,167.0,0.96,1662.0,
042370,비츠로테크,우량기업부,8580.0,44.23,194.0,0.89,9674.0,0.7
050090,비케이홀딩스,관리종목(소속부없음),518.0,,-191.0,1.01,511.0,
148780,비큐AI,기술성장기업부,4450.0,,-10.0,2.49,1790.0,
307870,비투엔,벤처기업부,953.0,,-170.0,1.82,524.0,
377030,비트맥스,관리종목(소속부없음),1670.0,,-11273.0,,,
032850,비트컴퓨터,벤처기업부,4100.0,8.91,460.0,0.85,4837.0,1.61
049470,비트플래닛,중견기업부,1578.0,,-867.0,0.69,2294.0,
238200,비피도,벤처기업부,2595.0,9.27,280.0,0.44,5943.0,
093190,빅솔론,우량기업부,8550.0,7.08,1208.0,0.61,13961.0,3.8
065450,빅텍,벤처기업부,2950.0,19.03,155.0,1.42,2083.0,1.02
044480,빌리언스,중견기업부,865.0,,-455.0,0.66,1310.0,
005180,빙그레,,70000.0,12.18,5745.0,0.82,85101.0,4.71
069540,빛과전자,벤처기업부,3005.0,,-340.0,3.82,787.0,
072950,빛샘전자,벤처기업부,8050.0,6.82,1180.0,0.75,10705.0,0.87
451250,삐아,벤처기업부,7470.0,14.39,519.0,1.63,4569.0,2.68
143240,사람인,우량기업부,17050.0,2.09,8166.0,0.68,25207.0,4.11
466410,사이냅소프트,벤처기업부,8480.0,7.16,1184.0,0.58,14745.0,
003960,사조대림,,31650.0,,-8034.0,0.42,75821.0,0.79
008040,사조동아원,,649.0,,-991.0,0.72,906.0,
007160,사조산업,,52700.0,,-8968.0,0.49,106936.0,0.38
014710,사조씨푸드,,10950.0,,-1743.0,0.95,11587.0,0.46
006090,사조오양,,8520.0,5.34,1595.0,0.32,26477.0,1.17
223310,사토시홀딩스,중견기업부,3565.0,,-7812.0,2.78,1281.0,
452430,사피엔반도체,기술성장기업부,27000.0,,-332.0,16.48,1638.0,
419120,산돌,중견기업부,2385.0,12.05,198.0,0.6,3967.0,4.19
062040,산일전기,,157300.0,29.3,5368.0,8.08,19467.0,0.8
122350,삼기,중견기업부,1492.0,,-301.0,0.59,2545.0,
419050,삼기에너지솔루션즈,중견기업부,1540.0,,-136.0,1.32,1166.0,
014970,삼륭물산,중견기업부,4300.0,11.62,370.0,1.13,3794.0,2.44
005610,삼립,,40250.0,,-289.0,0.7,57852.0,2.48
018310,삼목에스폼,우량기업부,13830.0,22.09,626.0,0.31,45266.0,2.17
012210,삼미금속,중견기업부,6620.0,85.97,77.0,1.56,4239.0,
053700,삼보모터스,우량기업부,4090.0,11.59,353.0,0.23,17781.0,1.22
009620,삼보산업,투자주의환기종목(소속부없음),835.0,,-312.0,8.52,98.0,
023600,삼보판지,우량기업부,8780.0,5.46,1609.0,0.23,37682.0,2.39
001470,삼부토건,,347.0,,-214.0,,,
028050,삼성E&A,,48100.0,15.14,3176.0,1.96,24509.0,1.64
448730,삼성FN리츠,,5530.0,153.61,36.0,1.25,4411.0,4.99
006400,삼성SDI,,459000.0,,-5686.0,1.6,286917.0,
006405,삼성SDI우,,207500.0,,-5686.0,0.72,286917.0,
006660,삼성공조,,10730.0,9.61,1116.0,0.3,36282.0,0.75
028260,삼성물산,,336500.0,22.57,14912.0,0.88,380638.0,0.83
02826K,삼성물산우B,,208500.0,13.98,14912.0,0.55,380638.0,1.37
207940,삼성바이오로직스,,1556000.0,50.55,30779.0,9.08,171343.0,
032830,삼성생명,,275500.0,19.19,14356.0,0.61,452324.0,1.92
0044K0,삼성스팩10호,SPAC(소속부없음),1986.0,,-37.0,1.02,1955.0,
0071M0,삼성스팩11호,SPAC(소속부없음),1984.0,132.27,15.0,1.05,1894.0,
0096B0,삼성스팩12호,SPAC(소속부없음),1992.0,166.0,12.0,1.03,1930.0,
0115H0,삼성스팩13호,SPAC(소속부없음),1989.0,,-52.0,1.1,1814.0,
018260,삼성에스디에스,,221500.0,26.76,8277.0,1.73,128243.0,1.44
0126Z0,삼성에피스홀딩스,,411500.0,19.4,21211.0,1.7,241829.0,
009150,삼성전기,,1278000.0,120.71,10587.0,9.84,129912.0,0.18
009155,삼성전기우,,446000.0,42.13,10587.0,3.43,129912.0,0.54
005930,삼성전자,,231000.0,18.67,12372.0,3.21,71907.0,0.72
005935,삼성전자우,,170100.0,13.75,12372.0,2.37,71907.0,0.98
001360,삼성제약,,1302.0,,-180.0,0.94,1379.0,
010140,삼성중공업,,22050.0,34.94,631.0,4.17,5285.0,
016360,삼성증권,,91000.0,6.72,13546.0,0.99,91465.0,4.4
068290,삼성출판사,,6240.0,14.15,441.0,0.42,14928.0,3.21
029780,삼성카드,,47850.0,8.97,5332.0,0.58,82034.0,5.85
000810,삼성화재,,645000.0,15.53,41543.0,1.14,568001.0,3.02
000815,삼성화재우,,403500.0,9.71,41543.0,0.71,568001.0,4.83
006110,삼아알미늄,,47200.0,,-1791.0,3.23,14621.0,0.05
009300,삼아제약,우량기업부,13030.0,9.34,1395.0,0.35,37011.0,6.52
0120G0,삼양바이오팜,,43950.0,23.62,1861.0,1.38,31937.0,
145990,삼양사,,45250.0,,-29632.0,0.26,170889.0,3.87
145995,삼양사우,,32550.0,,-29632.0,0.19,170889.0,5.53
003230,삼양식품,,1306000.0,22.62,57735.0,7.08,184342.0,0.37
482630,삼양엔씨켐,중견기업부,13030.0,16.94,769.0,2.28,5705.0,
484590,삼양컴텍,벤처기업부,6290.0,11.21,561.0,1.63,3851.0,
036670,삼양케이씨아이,우량기업부,4990.0,6.53,764.0,0.43,11633.0,5.01
272550,삼양패키징,,9520.0,7.23,1317.0,0.38,25320.0,5.25
000070,삼양홀딩스,,59600.0,,-24384.0,0.22,271474.0,5.87
003720,삼영,,7000.0,14.68,477.0,2.56,2732.0,0.43
002810,삼영무역,,23050.0,7.02,3283.0,0.66,34706.0,4.34
361670,삼영에스앤씨,기술성장기업부,3640.0,,-113.0,1.06,3446.0,
054540,삼영엠텍,우량기업부,6520.0,5.98,1091.0,0.95,6891.0,2.53
065570,삼영이엔씨,관리종목(소속부없음),764.0,,-9.0,0.69,1107.0,
005680,삼영전자,,13570.0,67.51,201.0,0.47,28709.0,2.21
023000,삼원강재,,2215.0,7.85,282.0,0.34,6478.0,4.97
004380,삼익THK,,8490.0,,-2027.0,1.15,7360.0,0.59
002450,삼익악기,,1130.0,4.01,282.0,0.29,3925.0,4.43
014950,삼익제약,벤처기업부,5050.0,,-77.0,0.66,7596.0,0.79
032280,삼일,중견기업부,1315.0,19.06,69.0,0.32,4162.0,3.04
002290,삼일기업공사,우량기업부,3160.0,5.9,536.0,0.54,5820.0,7.12
004440,삼일씨엔에스,,4850.0,17.83,272.0,0.23,21100.0,
000520,삼일제약,,7000.0,,-1679.0,1.16,6016.0,
009770,삼정펄프,,27150.0,8.23,3297.0,0.25,107431.0,3.68
037460,삼지전자,우량기업부,36000.0,3.02,11908.0,0.85,42471.0,1.53
032750,삼진,우량기업부,2985.0,7.73,386.0,0.24,12535.0,3.02
0013V0,삼진식품,중견기업부,4940.0,6.08,813.0,1.09,4517.0,
054090,삼진엘앤디,중견기업부,940.0,,-93.0,0.58,1612.0,
005500,삼진제약,,18300.0,11.48,1594.0,0.83,21931.0,4.37
000250,삼천당제약,중견기업부,164700.0,377.75,436.0,12.93,12740.0,0.03
004690,삼천리,,120100.0,3.91,30693.0,0.23,517639.0,2.5
024950,삼천리자전거,중견기업부,3800.0,7.55,503.0,0.46,8302.0,2.63
038500,삼표시멘트,우량기업부,7900.0,17.32,456.0,1.09,7225.0,1.53
437730,삼현,기술성장기업부,35750.0,210.29,170.0,8.92,4010.0,0.14
017480,삼현철강,우량기업부,4820.0,10.13,476.0,0.38,12579.0,6.22
010960,삼호개발,,3095.0,4.91,630.0,0.29,10542.0,6.46
046390,삼화네트웍스,중견기업부,2085.0,,-51.0,0.56,3712.0,
004450,삼화왕관,,26050.0,11.05,2358.0,0.41,63004.0,4.61
009470,삼화전기,,22800.0,15.29,1491.0,1.55,14670.0,2.63
011230,삼화전자,,2685.0,,-451.0,2.81,957.0,
001820,삼화콘덴서,,77200.0,58.66,1316.0,2.88,26851.0,0.65
027580,상보,중견기업부,1730.0,,-1116.0,0.48,3604.0,
038540,상상인,중견기업부,2255.0,,-2028.0,0.31,7181.0,
001290,상상인증권,,1203.0,54.68,22.0,0.64,1889.0,
041650,상신브레이크,,2195.0,,-425.0,0.2,11238.0,2.28
091580,상신이디피,우량기업부,15840.0,25.1,631.0,1.27,12514.0,0.63
263810,상신전자,중견기업부,2595.0,30.89,84.0,0.77,3376.0,
089980,상아프론테크,우량기업부,13570.0,30.16,450.0,1.04,13037.0,1.47
042940,상지건설,중견기업부,6010.0,,-2000.0,0.42,14355.0,
042600,새로닉스,중견기업부,9970.0,,-1383.0,1.35,7368.0,
075180,새론오토모티브,,2980.0,45.85,65.0,0.22,13337.0,4.7
107600,새빗켐,벤처기업부,14430.0,,-2850.0,1.8,8033.0,
411080,샌즈랩,기술성장기업부,3980.0,173.04,23.0,1.19,3347.0,3.77
252990,샘씨엔에스,우량기업부,14320.0,38.7,370.0,4.64,3083.0,
007540,샘표,,44750.0,9.56,4682.0,0.41,109181.0,0.45
248170,샘표식품,,23600.0,3.9,6052.0,0.39,59953.0,0.85
378800,샤페론,기술성장기업부,475.0,,-405.0,1.04,458.0,
294630,서남,기술성장기업부,2885.0,,-163.0,8.59,336.0,
038070,서린바이오,중견기업부,4490.0,80.18,56.0,0.47,9470.0,2.18
006730,서부T&D,우량기업부,11130.0,8.43,1320.0,0.67,16608.0,0.9
079650,서산,중견기업부,4040.0,,-11.0,1.15,3504.0,
100660,서암기계공업,중견기업부,2935.0,22.58,130.0,0.55,5345.0,0.34
007860,서연,,7980.0,2.59,3079.0,0.19,42809.0,3.13
200880,서연이화,,11990.0,3.56,3368.0,0.26,46170.0,2.09
019770,서연탑메탈,우량기업부,3530.0,4.26,828.0,0.4,8838.0,1.84
017390,서울가스,,55400.0,10.18,5442.0,0.19,284712.0,4.96
092190,서울바이오시스,투자주의환기종목(소속부없음),6050.0,49.19,123.0,3.03,1996.0,
046890,서울반도체,중견기업부,8950.0,,-467.0,0.79,11282.0,
031210,서울보증보험,,44400.0,10.11,4390.0,0.62,71321.0,6.45
004410,서울식품,,1072.0,,-33.0,1.58,678.0,
004415,서울식품우,,5350.0,,-33.0,7.89,678.0,
063170,서울옥션,중견기업부,5300.0,,-353.0,0.91,5811.0,
027040,서울전자통신,중견기업부,2225.0,,-121.0,3.4,655.0,
018680,서울제약,벤처기업부,1978.0,31.9,62.0,0.56,3504.0,
036120,서울평가정보,중견기업부,1573.0,9.2,171.0,1.84,857.0,5.09
021050,서원,,1034.0,44.96,23.0,0.3,3410.0,
093920,서원인텍,우량기업부,4895.0,11.91,411.0,0.43,11383.0,7.15
189860,서전기전,벤처기업부,4180.0,5.39,775.0,1.18,3535.0,
178320,서진시스템,중견기업부,34100.0,,-2170.0,2.45,13924.0,
122690,서진오토모티브,중견기업부,1702.0,,-1415.0,0.25,6852.0,
140070,서플러스글로벌,벤처기업부,1766.0,,-504.0,0.35,4986.0,
011370,서한,우량기업부,764.0,3.86,198.0,0.14,5370.0,6.55
065710,서호전기,우량기업부,43850.0,12.85,3412.0,2.2,19935.0,13.68
008490,서흥,,23650.0,5.54,4268.0,0.53,45022.0,2.11
035890,서희건설,중견기업부,2035.0,3.78,539.0,0.35,5856.0,4.91
357550,석경에이티,기술성장기업부,33450.0,52.51,637.0,3.99,8393.0,
003100,선광,우량기업부,20000.0,3.3,6068.0,0.29,69952.0,2.25
007610,선도전기,,4265.0,10.35,412.0,2.08,2052.0,
067370,선바이오,기술성장기업부,6510.0,32.07,203.0,2.71,2400.0,
171090,선익시스템,우량기업부,67600.0,8.11,8340.0,3.52,19179.0,1.48
136490,선진,,10340.0,2.18,4742.0,0.41,25445.0,1.93
086710,선진뷰티사이언스,우량기업부,7780.0,19.16,406.0,1.11,7009.0,2.57
014620,성광벤드,우량기업부,26650.0,21.18,1258.0,1.28,20805.0,0.75
037350,성도이엔지,우량기업부,7500.0,3.57,2101.0,0.39,19464.0,3.33
014910,성문전자,,1725.0,21.3,81.0,0.79,2191.0,0.29
014915,성문전자우,,4445.0,54.88,81.0,2.03,2191.0,0.23
004980,성신양회,,7970.0,6.84,1166.0,0.34,23408.0,4.39
004985,성신양회우,,8420.0,7.22,1166.0,0.36,23408.0,4.75
458650,성우,벤처기업부,8210.0,26.57,309.0,0.55,14806.0,3.65
081580,성우전자,중견기업부,2445.0,3.07,797.0,0.32,7660.0,2.05
045300,성우테크론,중견기업부,2430.0,4.87,499.0,0.33,7432.0,0.81
015750,성우하이텍,우량기업부,5920.0,2.94,2011.0,0.27,21854.0,3.38
340930,성원에너텍,관리종목(소속부없음),806.0,,-505.0,1.22,661.0,
365340,성일하이텍,기술성장기업부,33550.0,,-6820.0,3.88,8636.0,
000180,성창기업지주,,5320.0,,-1473.0,0.11,48430.0,
080470,성창오토텍,벤처기업부,2965.0,2.59,1147.0,0.35,8471.0,2.36
043260,성호전자,우량기업부,17210.0,2.95,5841.0,2.1,8204.0,
148150,세경하이테크,우량기업부,3110.0,3.66,850.0,0.62,4986.0,3.22
002420,세기상사,,5620.0,,-118.0,1.37,4116.0,
061090,세나테크놀로지,중견기업부,43700.0,15.26,2864.0,1.33,32832.0,
188260,세니젠,투자주의환기종목(소속부없음),1980.0,,-706.0,8.84,224.0,
053060,세동,중견기업부,1368.0,3.39,404.0,0.55,2477.0,
340440,세림B&G,벤처기업부,811.0,10.96,74.0,0.63,1282.0,
017510,세명전기,벤처기업부,7340.0,8.45,869.0,1.25,5878.0,3.0
0017J0,세미티에스,벤처기업부,3110.0,8.45,368.0,2.23,1397.0,
490470,세미파이브,기술성장기업부,16620.0,,-1349.0,2.46,6769.0,
004360,세방,,13180.0,5.28,2496.0,0.24,55656.0,2.28
004365,세방우,,9110.0,3.65,2496.0,0.16,55656.0,3.35
004490,세방전지,,55600.0,5.96,9324.0,0.45,122561.0,4.77
011560,세보엠이씨,우량기업부,21800.0,5.77,3775.0,0.77,28230.0,2.75
267080,세븐브로이맥주,일반기업부,486.0,,,,,
396300,세아메카닉스,우량기업부,4055.0,26.5,153.0,1.41,2886.0,
001430,세아베스틸지주,,41600.0,20.77,2003.0,0.77,54159.0,2.89
306200,세아제강,,132000.0,11.64,11338.0,0.33,398951.0,4.17
003030,세아제강지주,,114500.0,36.94,3100.0,0.22,526923.0,1.57
058650,세아홀딩스,,124700.0,7.11,17543.0,0.22,557243.0,3.45
013000,세우글로벌,,1211.0,8.35,145.0,0.62,1946.0,
100700,세운메디칼,우량기업부,2350.0,8.16,288.0,0.65,3624.0,2.98
024830,세원물산,중견기업부,8790.0,4.05,2173.0,0.19,47436.0,2.28
021820,세원정공,,10590.0,2.57,4128.0,0.16,67916.0,
067830,세이브존I&C,,2265.0,11.56,196.0,0.17,13100.0,1.33
258830,세종메디칼,관리종목(소속부없음),412.0,,-19.0,1.3,318.0,
036630,세종텔레콤,우량기업부,6850.0,19.03,360.0,0.42,16484.0,4.38
039310,세중,중견기업부,1217.0,,-161.0,0.22,5503.0,
075580,세진중공업,,10860.0,11.92,911.0,2.7,4024.0,2.07
067770,세진티에스,관리종목(소속부없음),2300.0,12.5,184.0,0.39,5899.0,
053450,세코닉스,우량기업부,3480.0,,-25.0,0.35,9899.0,
252500,세화피앤씨,중견기업부,499.0,31.19,16.0,0.53,946.0,2.0
321370,센서뷰,기술성장기업부,1286.0,,-363.0,4.19,307.0,
347000,센코,기술성장기업부,1731.0,9.78,177.0,1.08,1600.0,
331920,셀레믹스,기술성장기업부,10240.0,,-960.0,4.78,2144.0,
352770,셀레스트라,관리종목(소속부없음),0.0,,-667.0,,,
471820,셀로맥스사이언스,벤처기업부,4110.0,14.03,293.0,0.96,4266.0,4.5
049180,셀루메드,투자주의환기종목(소속부없음),1009.0,,-41.0,3.52,287.0,
299660,셀리드,기술성장기업부,1680.0,,-394.0,0.68,2464.0,
108860,셀바스AI,벤처기업부,10680.0,,-179.0,2.6,4110.0,
208370,셀바스헬스케어,벤처기업부,2710.0,4.12,657.0,0.83,3283.0,
318160,셀바이오휴먼텍,벤처기업부,6700.0,6.74,994.0,0.95,7048.0,
308430,셀비온,기술성장기업부,13370.0,,-666.0,8.34,1603.0,
068270,셀트리온,,199300.0,38.14,5226.0,2.6,76797.0,0.36
068760,셀트리온제약,우량기업부,44200.0,48.95,903.0,4.49,9849.0,0.44
068940,셀피글로벌,관리종목(소속부없음),778.0,,-236.0,4.18,186.0,
007720,소노스퀘어,중견기업부,1388.0,,-86.0,0.51,2712.0,
950200,소마젠,외국기업(소속부없음),2875.0,,-83.0,1.94,1481.0,
032680,소프트센,중견기업부,890.0,,-74.0,0.35,2535.0,
032685,소프트센우,중견기업부,9500.0,,-74.0,3.75,2535.0,
258790,소프트캠프,벤처기업부,4785.0,8.8,544.0,1.61,2970.0,
066910,손오공,중견기업부,2025.0,3.19,634.0,0.52,3894.0,
215090,솔디펜스,벤처기업부,1370.0,15.05,91.0,0.61,2230.0,
238500,솔루믹스,일반기업부,475.0,,,,,
336370,솔루스첨단소재,,7400.0,,-475.0,0.95,7805.0,0.14
33637K,솔루스첨단소재1우,,1550.0,,-475.0,0.2,7805.0,0.71
33637L,솔루스첨단소재2우B,,2145.0,,-475.0,0.27,7805.0,0.47
248070,솔루엠,,14980.0,56.96,263.0,1.48,10141.0,0.5
035610,솔본,투자주의환기종목(소속부없음),4815.0,4.24,1136.0,0.61,7924.0,
357780,솔브레인,우량기업부,295000.0,27.26,10820.0,2.08,142076.0,0.8
036830,솔브레인홀딩스,우량기업부,35350.0,1.5,23806.0,0.41,87286.0,1.4
304100,솔트룩스,기술성장기업부,16960.0,,-806.0,3.25,5215.0,
328380,솔트웨어,벤처기업부,3350.0,31.02,108.0,0.97,3448.0,
0203K0,송우인포텍,일반기업부,10850.0,,,,,
004430,송원산업,,12000.0,18.49,649.0,0.37,32546.0,2.5
086980,쇼박스,중견기업부,2000.0,28.99,69.0,1.0,2008.0,
017550,수산세보틱스,,1755.0,7.1,250.0,0.54,3269.0,0.56
050960,수산아이앤티,벤처기업부,8330.0,11.83,704.0,0.62,13537.0,3.72
126720,수산인더스트리,,22300.0,5.3,4371.0,0.58,39951.0,3.89
084180,수성웹툰,관리종목(소속부없음),512.0,,-2204.0,0.13,4251.0,
253840,수젠텍,중견기업부,4480.0,,-1461.0,0.94,4713.0,
185190,수프로,일반기업부,996.0,,,,,
298830,슈어소프트테크,우량기업부,3980.0,22.53,180.0,2.01,2020.0,
236200,슈프리마,우량기업부,62700.0,13.31,4755.0,1.57,40357.0,
094840,슈프리마에이치큐,벤처기업부,14610.0,13.77,1061.0,0.59,24912.0,
192440,슈피겐코리아,우량기업부,28950.0,5.1,5671.0,0.3,95280.0,1.73
424960,스마트레이더시스템,기술성장기업부,3845.0,,-132.0,2.02,1915.0,
099440,스맥,중견기업부,4030.0,,-500.0,2.89,1387.0,
066590,스모트로닉,중견기업부,2615.0,,-141.0,1.24,2143.0,
053210,스카이라이프,,4230.0,49.76,85.0,0.38,11172.0,8.27
276040,스코넥,관리종목(소속부없음),327.0,,-1092.0,0.58,559.0,
115570,스타플렉스,중견기업부,2320.0,2.58,899.0,0.25,9363.0,4.32
330730,스톤브릿지벤처스,벤처기업부,4880.0,3.64,1338.0,0.84,5832.0,6.16
352090,스톰테크,우량기업부,3700.0,9.5,388.0,1.15,3218.0,12.21
253450,스튜디오드래곤,우량기업부,25200.0,52.17,483.0,1.0,25095.0,
408900,스튜디오미르,중견기업부,1100.0,,-28.0,0.92,1160.0,
415380,스튜디오삼익,중견기업부,1998.0,10.2,196.0,0.64,3123.0,5.0
475040,스트라드비젼,기술성장기업부,3070.0,,-1428.0,10.62,292.0,
026890,스틱인베스트먼트,,8030.0,14.59,556.0,1.13,7161.0,
013810,스페코,중견기업부,1596.0,45.49,35.0,0.52,3056.0,
347700,스피어,기술성장기업부,23050.0,26.22,879.0,10.7,2155.0,
049830,승일,중견기업부,6540.0,19.46,336.0,0.26,25512.0,2.29
020710,시공테크,우량기업부,3750.0,2.9,1309.0,0.41,9378.0,8.92
033170,시그네틱스,중견기업부,340.0,,-122.0,0.58,587.0,
048870,시너지이노베이션,중견기업부,1675.0,24.48,69.0,0.7,2429.0,
025320,시노펙스,우량기업부,3850.0,76.67,51.0,2.01,1944.0,
134790,시디즈,,19060.0,,-45.0,0.49,39111.0,
340810,시선AI,기술성장기업부,3330.0,,-1153.0,3.72,914.0,
269620,시스웍,관리종목(소속부없음),889.0,,-17.0,,,
056090,시지메드텍,벤처기업부,1051.0,16.67,64.0,1.16,917.0,
429270,시지트로닉스,기술성장기업부,3325.0,,-1565.0,1.07,3109.0,
418250,시큐레터,관리종목(소속부없음),6550.0,,-384.0,14.24,460.0,
131090,시큐브,벤처기업부,3865.0,7.06,557.0,0.62,6365.0,3.81
462870,시프트업,,32750.0,10.15,3262.0,2.01,16507.0,
016590,신대양제지,,10070.0,16.27,619.0,0.49,20442.0,2.23
290520,신도기연,벤처기업부,1680.0,7.99,209.0,0.44,3796.0,
029530,신도리코,,41100.0,15.7,2631.0,0.32,128543.0,2.42
004970,신라교역,,9260.0,9.77,948.0,0.24,38419.0,5.4
001000,신라섬유,중견기업부,599.0,200.67,3.0,1.0,601.0,
025870,신라에스지,관리종목(소속부없음),2690.0,,-712.0,0.78,3464.0,
215600,신라젠,중견기업부,2250.0,,-175.0,3.02,762.0,
065350,신성델타테크,우량기업부,31150.0,37.5,832.0,3.36,9273.0,0.39
416180,신성에스티,벤처기업부,19790.0,,-287.0,1.68,11823.0,1.01
011930,신성이엔지,,15140.0,,-152.0,1.37,11179.0,
004170,신세계,,420000.0,54.14,7942.0,0.8,535471.0,1.21
035510,신세계 I&C,,13000.0,6.27,2075.0,0.39,33160.0,4.31
031430,신세계인터내셔날,,11380.0,28.78,394.0,0.47,24165.0,3.53
031440,신세계푸드,,38150.0,1.94,19615.0,0.38,99214.0,2.36
006880,신송홀딩스,,4530.0,9.74,463.0,0.45,10132.0,2.66
162300,신스틸,우량기업부,1852.0,,-9.0,0.88,2097.0,1.13
002800,신신제약,우량기업부,4320.0,5.97,735.0,0.86,5090.0,1.82
472220,신영스팩10호,관리종목(소속부없음),2100.0,60.0,35.0,1.01,2072.0,
0091W0,신영스팩11호,SPAC(소속부없음),2015.0,,-22.0,1.02,1983.0,
005800,신영와코루,,13390.0,27.68,496.0,0.32,43116.0,1.28
001720,신영증권,,151400.0,16.82,9073.0,0.6,253168.0,4.92
009270,신원,,1065.0,267.25,4.0,0.42,2572.0,4.68
017000,신원종합개발,우량기업부,2330.0,5.34,450.0,0.23,10266.0,
002700,신일전자,,1032.0,17.76,58.0,0.87,1187.0,1.94
012790,신일제약,우량기업부,5490.0,9.55,580.0,0.42,13304.0,3.43
138070,신진에스엠,중견기업부,1525.0,,-17.0,0.34,4577.0,1.96
226330,신테카바이오,기술성장기업부,1531.0,,-690.0,1.34,1168.0,
002870,신풍,,972.0,16.34,61.0,0.37,2688.0,
019170,신풍제약,,8460.0,44.84,190.0,1.55,5507.0,
019175,신풍제약우,,12880.0,67.74,190.0,2.34,5507.0,
481850,신한글로벌액티브리츠,,995.0,,-17.0,0.5,1987.0,26.01
404990,신한서부티엔디리츠,,4100.0,,-6.0,0.99,4157.0,6.54
293940,신한알파리츠,,5300.0,56.67,93.0,1.06,4993.0,6.85
474660,신한제12호스팩,SPAC(소속부없음),2065.0,48.02,43.0,1.03,1999.0,
474930,신한제13호스팩,SPAC(소속부없음),2090.0,65.47,32.0,1.11,1880.0,
487360,신한제14호스팩,SPAC(소속부없음),2010.0,57.43,35.0,1.05,1922.0,
487830,신한제15호스팩,SPAC(소속부없음),2015.0,54.46,37.0,1.03,1956.0,
496070,신한제16호스팩,SPAC(소속부없음),1987.0,86.39,23.0,1.04,1905.0,
0130D0,신한제17호스팩,SPAC(소속부없음),1962.0,,-202.0,1.01,1954.0,
0129K0,신한제18호스팩,SPAC(소속부없음),1971.0,,-52.0,1.58,1240.0,
055550,신한지주,,110000.0,10.31,10486.0,0.86,124997.0,2.4
056700,신화인터텍,중견기업부,1430.0,75.74,19.0,0.44,3289.0,
187270,신화콘텍,벤처기업부,2805.0,26.67,105.0,0.35,7915.0,1.79
095190,신화프리텍,중견기업부,1940.0,,-59.0,1.15,1683.0,
004080,신흥,,14040.0,40.11,350.0,1.15,12200.0,2.35
243840,신흥에스이씨,우량기업부,4815.0,29.1,166.0,0.6,8049.0,
257720,실리콘투,우량기업부,39300.0,13.89,2808.0,5.19,7516.0,0.79
222800,심텍,중견기업부,110000.0,,-3307.0,6.94,15977.0,0.09
036710,심텍홀딩스,중견기업부,3650.0,,-344.0,13.78,291.0,0.25
444530,심플랫폼,기술성장기업부,4580.0,,-589.0,2.36,1953.0,
234030,싸이닉솔루션,중견기업부,3095.0,39.68,79.0,1.93,1621.0,
160980,싸이맥스,우량기업부,30350.0,25.1,1221.0,1.73,17758.0,1.31
356890,싸이버원,벤처기업부,2360.0,,-76.0,0.72,3323.0,1.46
217330,싸이토젠,기술성장기업부,3430.0,,-484.0,2.39,1456.0,
004770,써니전자,,1668.0,17.48,96.0,0.7,2386.0,2.09
217320,썬테크,일반기업부,11000.0,,,,,
208640,썸에이지,관리종목(소속부없음),1012.0,,-585.0,1.16,850.0,
222420,쎄노텍,벤처기업부,944.0,11.63,81.0,1.09,868.0,
037760,쎄니트,중견기업부,2395.0,,-109.0,0.9,2674.0,2.08
081180,쎄크,기술성장기업부,5810.0,,-541.0,1.62,3622.0,
099320,쎄트렉아이,우량기업부,74800.0,72.74,1097.0,3.54,22511.0,0.13
049960,쎌바이오텍,벤처기업부,15560.0,11.14,1426.0,0.82,19438.0,3.78
088280,쏘닉스,기술성장기업부,2540.0,,-363.0,1.35,1960.0,
403550,쏘카,,10550.0,,-720.0,2.27,4673.0,0.87
050890,쏠리드,우량기업부,9830.0,11.13,913.0,1.63,6248.0,0.49
394800,쓰리빌리언,기술성장기업부,6080.0,,-163.0,8.78,707.0,
177900,쓰리에이로직스,기술성장기업부,4050.0,,-313.0,0.82,4973.0,
475400,씨메스로보틱스,기술성장기업부,20100.0,,-1397.0,4.32,4645.0,
109670,씨싸이트,중견기업부,3955.0,,-305.0,0.42,9225.0,
066790,씨씨에스,관리종목(소속부없음),0.0,,-236.0,3.71,594.0,
004920,씨아이테크,,926.0,2.22,417.0,0.61,1512.0,
236030,씨알푸드,일반기업부,2815.0,,,,,
103660,씨앗,일반기업부,1900.0,,,,,
352480,씨앤씨인터내셔널,우량기업부,20700.0,15.96,1313.0,0.79,26470.0,
245450,씨앤에스링크,일반기업부,1599.0,,,,,
264660,씨앤지하이테크,우량기업부,12880.0,7.83,1652.0,0.88,14759.0,4.25
352700,씨앤투스,벤처기업부,1387.0,,-287.0,0.22,6146.0,3.62
458870,씨어스,기술성장기업부,23000.0,29.43,802.0,16.6,1422.0,
297090,씨에스베어링,투자주의환기종목(소속부없음),3855.0,8.58,451.0,0.98,3936.0,
112610,씨에스윈드,,43850.0,,-407.0,1.51,29091.0,2.28
900120,씨엑스아이,관리종목(소속부없음),805.0,0.55,1420.0,0.01,76784.0,
359090,씨엔알리서치,중견기업부,1896.0,9.0,211.0,0.45,4186.0,2.63
115530,씨엔플러스,중견기업부,2485.0,,-386.0,2.68,921.0,
388210,씨엠티엑스,벤처기업부,73700.0,,-3244.0,3.78,20114.0,
115480,씨유메디칼,중견기업부,1875.0,7.34,263.0,0.38,5134.0,
376290,씨유테크,벤처기업부,2615.0,8.87,300.0,0.39,6788.0,0.9
189330,씨이랩,기술성장기업부,11700.0,,-486.0,4.49,2495.0,
096530,씨젠,우량기업부,28900.0,23.51,1257.0,1.32,22455.0,3.38
480370,씨케이솔루션,,1347.0,,-1352.0,0.73,1905.0,
101240,씨큐브,우량기업부,3155.0,3.43,919.0,0.31,10316.0,
060590,씨티씨바이오,중견기업부,3065.0,12.42,252.0,0.98,3188.0,
308170,씨티알모빌리티,,3640.0,,-470.0,0.36,9906.0,
260930,씨티케이,중견기업부,2555.0,,-581.0,0.33,7799.0,4.31
413630,씨피시스템,벤처기업부,3830.0,57.87,68.0,3.37,1168.0,1.53
013990,아가방컴퍼니,우량기업부,4835.0,12.35,393.0,0.73,6680.0,
175140,아고스,투자주의환기종목(소속부없음),2580.0,,-819.0,1.52,1688.0,
123860,아나패스,우량기업부,14100.0,58.71,241.0,2.23,6337.0,1.77
025980,아난티,우량기업부,3900.0,,-551.0,0.53,7436.0,
008700,아남전자,,1206.0,,-10.0,0.69,1768.0,
0015N0,아로마티카,벤처기업부,8560.0,19.55,446.0,2.5,3485.0,
261780,아리바이오랩,기술성장기업부,2325.0,,-579.0,6.51,357.0,
290690,아리바이오홀딩스,중견기업부,4110.0,,-234.0,2.41,1723.0,
125210,아모그린텍,우량기업부,5900.0,16.12,371.0,1.18,5078.0,
090430,아모레퍼시픽,,141800.0,41.3,3380.0,1.76,79389.0,0.89
090435,아모레퍼시픽우,,46500.0,13.67,3380.0,0.58,79389.0,2.7
002790,아모레퍼시픽홀딩스,,27250.0,20.58,1312.0,0.69,38982.0,1.48
00279K,아모레퍼시픽홀딩스3우C,,21800.0,16.62,1312.0,0.56,38982.0,3.06
002795,아모레퍼시픽홀딩스우,,11320.0,8.63,1312.0,0.29,38982.0,3.58
357580,아모센스,기술성장기업부,6340.0,2190.0,3.0,1.64,4018.0,
052710,아모텍,중견기업부,12300.0,33.94,371.0,1.26,10014.0,
074430,아미노로직스,중견기업부,1021.0,39.5,26.0,1.58,650.0,
092040,아미코젠,기술성장기업부,1024.0,,-79.0,0.56,1879.0,
083930,아바코,우량기업부,11150.0,5.09,2121.0,0.71,15132.0,4.63
149950,아바텍,우량기업부,8230.0,14.67,572.0,0.77,10945.0,2.38
036010,아비코전자,중견기업부,5880.0,7.18,844.0,0.67,8998.0,0.5
002030,아세아,,193200.0,12.73,15096.0,0.26,733913.0,2.91
183190,아세아시멘트,,9390.0,16.82,563.0,0.31,30521.0,2.64
002310,아세아제지,,8000.0,12.97,623.0,0.35,22885.0,3.09
050860,아세아텍,우량기업부,1651.0,42.31,39.0,0.24,6903.0,
012170,아센디오,,748.0,,-933.0,0.78,956.0,
136410,아셈스,벤처기업부,4955.0,7.05,702.0,0.72,6841.0,2.63
246720,아스타,관리종목(소속부없음),6070.0,,-223.0,5.47,1110.0,
450950,아스테라시스,벤처기업부,6130.0,29.57,208.0,5.24,1174.0,1.72
067390,아스트,중견기업부,506.0,,-13.0,0.66,769.0,
159010,아스플로,벤처기업부,19220.0,,-514.0,5.05,3825.0,
127710,아시아경제,중견기업부,1032.0,39.69,26.0,0.42,2430.0,
267850,아시아나IDT,,9380.0,8.15,1152.0,0.61,15445.0,5.33
020560,아시아나항공,,7310.0,,-3165.0,3.04,2410.0,
154030,아시아종묘,벤처기업부,1652.0,22.32,74.0,0.78,2121.0,
227610,아우딘퓨쳐스,벤처기업부,1172.0,,-204.0,0.97,1211.0,
331740,아우토크립트,기술성장기업부,6590.0,,-1244.0,2.45,2727.0,
143160,아이디스,우량기업부,15280.0,10.11,1518.0,0.62,24583.0,2.61
054800,아이디스홀딩스,중견기업부,15070.0,3.37,4412.0,0.33,44450.0,2.02
332370,아이디피,벤처기업부,5590.0,6.53,858.0,0.94,5963.0,3.04
066430,아이로보틱스,중견기업부,2070.0,34.67,61.0,1.86,1137.0,
122900,아이마켓코리아,,7990.0,9.17,868.0,0.66,11997.0,5.65
339950,아이비김영,우량기업부,3120.0,6.56,475.0,2.31,1349.0,9.63
469750,아이비젼웍스,벤처기업부,1009.0,,-3.0,0.97,1043.0,
460470,아이빔테크놀로지,기술성장기업부,3120.0,,-249.0,1.8,1738.0,
099190,아이센스,중견기업부,18400.0,,-209.0,1.61,11625.0,0.53
461300,아이스크림미디어,벤처기업부,18000.0,4.99,3717.0,1.19,15514.0,
289010,아이스크림에듀,관리종목(소속부없음),848.0,3.43,252.0,0.28,3101.0,
214430,아이쓰리시스템,우량기업부,63900.0,25.73,2515.0,3.35,19342.0,0.7
040910,아이씨디,중견기업부,4190.0,52.91,79.0,0.72,5812.0,
368600,아이씨에이치,기술성장기업부,937.0,,-879.0,0.69,1357.0,
456010,아이씨티케이,기술성장기업부,15150.0,,-418.0,4.94,3085.0,
052860,아이앤씨,벤처기업부,4550.0,15.82,288.0,2.07,2205.0,
464500,아이언디바이스,기술성장기업부,1800.0,,-301.0,0.96,1868.0,
010780,아이에스동서,,19230.0,6.01,3225.0,0.42,46654.0,2.58
212710,아이에스티이,기술성장기업부,7420.0,,-423.0,3.38,2278.0,
038880,아이에이,투자주의환기종목(소속부없음),3530.0,,-3846.0,0.45,7792.0,
307180,아이엘,벤처기업부,4255.0,,-395.0,4.59,932.0,
403810,아이엘로보틱스,일반기업부,2200.0,,,,,
493280,아이엠바이오로직스,기술성장기업부,18320.0,218.26,86.0,2.17,8651.0,
461030,아이엠비디엑스,기술성장기업부,3300.0,,-598.0,1.96,1700.0,
456570,아이엠지티,일반기업부,12970.0,,,,,
451220,아이엠티,기술성장기업부,9030.0,24.58,382.0,2.29,4107.0,
447690,아이오바이오,일반기업부,2595.0,,,,,
078860,아이오케이이엔엠,투자주의환기종목(소속부없음),3120.0,,-1266.0,0.25,12446.0,
090150,아이윈,중견기업부,499.0,2.15,232.0,0.41,1231.0,
031310,아이즈비전,중견기업부,980.0,2.57,382.0,0.16,6128.0,
462980,아이지넷,기술성장기업부,1333.0,8.23,164.0,1.09,1239.0,
185490,아이진,벤처기업부,1675.0,,-468.0,1.34,1247.0,
059100,아이컴포넌트,벤처기업부,5400.0,5.41,990.0,0.75,7168.0,2.8
149010,아이케이세미콘,일반기업부,3220.0,,,,,6.21
262840,아이퀘스트,벤처기업부,2925.0,3.99,734.0,0.53,5495.0,4.78
175250,아이큐어,관리종목(소속부없음),2170.0,,-849.0,3.14,690.0,
052460,아이크래프트,벤처기업부,6260.0,9.92,637.0,1.77,3566.0,1.58
119830,아이텍,중견기업부,5160.0,,-515.0,0.71,7234.0,
052770,아이톡시,관리종목(소속부없음),312.0,,-428.0,1.12,279.0,
124500,아이티센글로벌,우량기업부,22700.0,9.64,2468.0,3.85,6182.0,
031820,아이티센씨티에스,,5600.0,0.9,6300.0,0.28,20465.0,
010280,아이티센엔텍,우량기업부,5090.0,2.05,2527.0,0.61,8441.0,
243870,아이티센코어,일반기업부,8590.0,,,,,
232830,아이티센피엔에스,벤처기업부,1635.0,,-351.0,1.96,825.0,
372800,아이티아이즈,벤처기업부,2875.0,,-1552.0,1.55,1865.0,
084850,아이티엠반도체,중견기업부,8370.0,,-3817.0,1.82,4543.0,
309710,아이티켐,관리종목(소속부없음),21000.0,,-1505.0,4.3,4887.0,
114840,아이패밀리에스씨,우량기업부,8510.0,7.98,1078.0,1.39,6196.0,3.48
027360,아주IB투자,중견기업부,3165.0,28.9,114.0,1.48,2220.0,2.12
139990,아주스틸,,2360.0,,-886.0,0.65,3612.0,
032080,아즈텍WB,중견기업부,1097.0,27.2,40.0,0.22,5037.0,
013310,아진산업,우량기업부,2655.0,2.73,982.0,0.28,9546.0,3.73
059120,아진엑스텍,벤처기업부,6740.0,59.46,112.0,2.94,2264.0,
009320,아진전자부품,,1023.0,12.32,85.0,1.51,695.0,
0007C0,아크릴,기술성장기업부,16250.0,,-478.0,3.11,5375.0,
158430,아톤,벤처기업부,4260.0,105.12,42.0,1.04,4239.0,1.13
297570,아틀라스링크,벤처기업부,782.0,4.99,170.0,0.6,1404.0,
200350,아티스트스튜디오,기술성장기업부,2440.0,,-455.0,0.51,4938.0,
321820,아티스트컴퍼니,기술성장기업부,2415.0,23.35,103.0,0.96,2507.0,
102950,아하,일반기업부,1885.0,,,,,
001540,안국약품,우량기업부,12910.0,10.39,1247.0,0.87,14946.0,4.88
053800,안랩,우량기업부,59300.0,11.83,5028.0,1.46,40749.0,2.35
251280,안지오랩,일반기업부,1900.0,,,,,
065660,안트로젠,기술성장기업부,16930.0,,-156.0,2.09,8378.0,
001780,알루코,,1766.0,9.98,179.0,0.5,3555.0,
260660,알리코제약,중견기업부,2500.0,,-106.0,0.49,5096.0,3.0
354320,알멕,기술성장기업부,28400.0,87.72,334.0,1.21,24158.0,
361570,알비더블유,중견기업부,1360.0,,-131.0,0.66,2070.0,
131370,알서포트,벤처기업부,1542.0,97.06,16.0,0.84,1848.0,0.64
140670,알에스오토메이션,중견기업부,10050.0,,-332.0,2.24,4452.0,
096610,알에프세미,투자주의환기종목(소속부없음),2965.0,36.16,82.0,3.25,911.0,
061040,알에프텍,중견기업부,6380.0,,-5012.0,0.26,24965.0,
148250,알엔투테크놀로지,벤처기업부,1876.0,,-630.0,0.51,3754.0,
123010,알엔티엑스,기술성장기업부,2090.0,,-119.0,1.25,1719.0,
476830,알지노믹스,기술성장기업부,32400.0,,-4859.0,18.26,1857.0,
347860,알체라,중견기업부,1494.0,,-51.0,3.27,465.0,
196170,알테오젠,우량기업부,305000.0,176.53,1858.0,45.64,7187.0,0.09
123750,알톤,중견기업부,1770.0,72.38,24.0,1.09,1590.0,
459550,알트,중견기업부,1660.0,,-41.0,0.89,1862.0,
085810,알티캐스트,중견기업부,1676.0,,-202.0,0.45,3796.0,
043100,알파AI,관리종목(소속부없음),520.0,,-392.0,0.37,1424.0,
117670,알파칩스,벤처기업부,8860.0,,-177.0,1.4,6355.0,
314140,알피바이오,우량기업부,6180.0,10.34,646.0,0.53,12639.0,0.75
291650,압타머사이언스,기술성장기업부,950.0,,-252.0,1.46,649.0,
293780,압타바이오,기술성장기업부,5570.0,,-743.0,3.94,1456.0,
018250,애경산업,,11990.0,13.32,901.0,0.74,16198.0,1.67
161000,애경케미칼,,9000.0,,-64.0,0.61,14793.0,1.55
390110,애니메디솔루션,일반기업부,182.0,,,,,
310200,애니플러스,중견기업부,2665.0,14.26,190.0,1.15,2355.0,
179530,애드바이오텍,기술성장기업부,2100.0,,-579.0,2.69,781.0,
397810,애드포러스,벤처기업부,5080.0,,-380.0,0.59,8770.0,4.81
0011A0,액스비스,벤처기업부,8830.0,12.85,719.0,1.56,5930.0,
052790,액토즈소프트,중견기업부,4100.0,1.27,3244.0,0.17,24765.0,
290740,액트로,벤처기업부,7740.0,7.68,1031.0,0.86,9193.0,1.26
238090,앤디포스,벤처기업부,2070.0,14.34,144.0,0.56,3686.0,
138360,앤로보틱스,벤처기업부,1936.0,11.82,164.0,1.71,1134.0,
092600,앤씨앤,관리종목(소속부없음),1876.0,0.69,2732.0,0.24,7696.0,
129890,앱코,벤처기업부,947.0,6.58,146.0,0.77,1251.0,18.11
174900,앱클론,벤처기업부,28000.0,,-742.0,10.6,2840.0,
109960,앱토크롬,투자주의환기종목(소속부없음),1674.0,,-692.0,0.06,27587.0,
270520,앱튼,투자주의환기종목(소속부없음),3670.0,,-2358.0,0.86,4186.0,
255440,야스,벤처기업부,8000.0,19.39,396.0,0.66,11657.0,
030960,양지사,중견기업부,4555.0,96.04,48.0,0.34,13620.0,
102120,어보브반도체,벤처기업부,7000.0,13.71,518.0,0.97,7336.0,2.82
238120,얼라인드,기술성장기업부,3135.0,15.78,193.0,1.14,2671.0,
224810,엄지하우스,일반기업부,1868.0,,,,,
019990,에너토크,중견기업부,4865.0,,-401.0,1.26,3903.0,2.04
011090,에넥스,,1681.0,,-501.0,0.52,3210.0,
435570,에르코스,벤처기업부,7010.0,,-582.0,1.0,7003.0,1.86
270660,에브리봇,벤처기업부,14990.0,,-1025.0,3.04,4822.0,
038680,에스넷,우량기업부,3820.0,12.08,322.0,0.7,5590.0,2.57
137310,에스디바이오센서,,6590.0,,-3868.0,0.33,19793.0,3.1
217480,에스디생명공학,투자주의환기종목(소속부없음),0.0,,-66.0,1.95,256.0,
121890,에스디시스템,중견기업부,1916.0,81.17,24.0,2.3,846.0,
304360,에스바이오메딕스,벤처기업부,19300.0,,-684.0,30.03,663.0,
389500,에스비비테크,기술성장기업부,33500.0,,-2573.0,9.75,3503.0,
042110,에스씨디,우량기업부,1131.0,12.42,91.0,0.4,2830.0,4.43
065420,에스아이리소스,중견기업부,94.0,,-36.0,0.78,121.0,
270210,에스알바이오텍,일반기업부,13970.0,,,,,
103230,에스앤더블류,중견기업부,2590.0,9.14,285.0,0.35,7445.0,
260970,에스앤디,우량기업부,58300.0,7.52,7810.0,1.94,30226.0,3.05
101490,에스앤에스텍,우량기업부,40850.0,14.81,2809.0,2.73,15260.0,0.48
095910,에스에너지,중견기업부,723.0,,-495.0,0.63,1145.0,
275630,에스에스알,벤처기업부,3565.0,,-313.0,0.75,4940.0,
031330,에스에이엠티,우량기업부,10020.0,3.42,3059.0,1.41,7406.0,2.2
060540,에스에이티,중견기업부,1139.0,7.34,155.0,0.29,3983.0,4.4
0008Z0,에스엔시스,벤처기업부,23000.0,11.08,2093.0,1.29,18054.0,2.06
005850,에스엘,,55200.0,7.46,7388.0,0.98,56154.0,5.03
246250,에스엘에스바이오,관리종목(소속부없음),1969.0,,-368.0,4.42,445.0,
041510,에스엠,우량기업부,75600.0,12.95,5743.0,1.7,43700.0,2.18
010580,에스엠벡셀,,1528.0,140.45,11.0,2.43,635.0,
460870,에스엠씨지,벤처기업부,2985.0,14.9,199.0,1.36,2174.0,
464080,에스오에스랩,기술성장기업부,8590.0,,-1120.0,7.76,1143.0,
109610,에스와이,중견기업부,1912.0,,-281.0,0.55,3511.0,
365330,에스와이스틸텍,우량기업부,1406.0,,-72.0,0.77,1887.0,
012750,에스원,,76600.0,18.46,4160.0,1.55,49456.0,4.17
306040,에스제이그룹,중견기업부,1653.0,,-1126.0,0.13,12466.0,
217910,에스제이켐,일반기업부,297.0,,,,,
398120,에스지헬스케어,벤처기업부,2115.0,17.67,120.0,0.96,2215.0,
472230,에스케이증권제11호스팩,SPAC(소속부없음),2085.0,109.74,19.0,1.02,2046.0,
473000,에스케이증권제12호스팩,SPAC(소속부없음),2055.0,293.57,7.0,1.04,1985.0,
473950,에스케이증권제13호스팩,SPAC(소속부없음),2030.0,119.71,17.0,1.04,1956.0,
475660,에스켐,기술성장기업부,3360.0,,-271.0,0.73,4614.0,
096630,에스코넥,우량기업부,1964.0,1.61,1221.0,0.35,5689.0,
0070X0,에스테크엠,일반기업부,9100.0,,,,,
069510,에스텍,우량기업부,12600.0,3.57,3554.0,0.44,28674.0,6.69
488280,에스투더블유,기술성장기업부,11070.0,,-615.0,5.67,1999.0,
234300,에스트래픽,우량기업부,3065.0,56.79,53.0,0.84,3584.0,4.65
039440,에스티아이,우량기업부,21150.0,19.76,1111.0,1.16,18978.0,0.68
098660,에스티오,중견기업부,1764.0,,-395.0,1.01,1744.0,
052020,에스티큐브,투자주의환기종목(소속부없음),8760.0,,-353.0,9.24,965.0,
237690,에스티팜,우량기업부,100100.0,30.33,3370.0,3.48,29350.0,0.49
458350,에스팀,중견기업부,3640.0,15.06,239.0,1.04,3453.0,
050760,에스폴리텍,중견기업부,1083.0,,-324.0,0.3,3805.0,
288620,에스프리즘,벤처기업부,4075.0,,-3320.0,0.68,6097.0,
443670,에스피소프트,중견기업부,3130.0,18.37,172.0,1.14,2760.0,
317830,에스피시스템스,벤처기업부,4890.0,,-553.0,0.99,5034.0,
058610,에스피지,우량기업부,101700.0,234.43,427.0,8.32,12038.0,0.25
043340,에쎈테크,중견기업부,1000.0,58.53,17.0,1.77,562.0,
023960,에쓰씨엔지니어링,,977.0,,-171.0,0.85,1170.0,
163280,에어레인,기술성장기업부,3225.0,14.24,229.0,0.63,5194.0,
298690,에어부산,,1534.0,,-604.0,1.25,1234.0,
200710,에이디테크놀로지,중견기업부,29850.0,68.42,437.0,2.83,10551.0,
475580,에이럭스,벤처기업부,7190.0,,-809.0,2.22,3303.0,
096690,에이루트,중견기업부,5650.0,,-3949.0,0.23,24204.0,
078520,에이블씨엔씨,,11930.0,17.13,711.0,3.84,3174.0,3.59
298380,에이비엘바이오,기술성장기업부,86600.0,,-439.0,27.74,3226.0,
203400,에이비온,기술성장기업부,647.0,,-359.0,1.18,687.0,
003800,에이스침대,우량기업부,33000.0,5.94,5544.0,0.47,70102.0,6.98
088800,에이스테크,중견기업부,2055.0,,-381.0,2.49,855.0,
241840,에이스토리,중견기업부,2325.0,,-741.0,0.44,5162.0,
364950,에이아이코리아,벤처기업부,3990.0,11.8,339.0,0.55,7249.0,
453860,에이에스텍,벤처기업부,9200.0,,-156.0,0.84,11006.0,5.44
312610,에이에프더블류,관리종목(소속부없음),379.0,,-508.0,0.17,2224.0,
015260,에이엔피,,374.0,,-286.0,0.94,399.0,
172670,에이엘티,벤처기업부,10080.0,,-816.0,1.02,10202.0,
234070,에이원큐브텍,일반기업부,919.0,,,,,
481070,에이유브랜즈,중견기업부,18150.0,24.3,755.0,3.54,5179.0,
060900,에이전트AI,중견기업부,4425.0,,-5851.0,0.5,8976.0,
445090,에이직랜드,벤처기업부,18260.0,,-1926.0,2.76,6783.0,
295310,에이치브이엠,기술성장기업부,50200.0,42.44,1296.0,6.92,7948.0,
072990,에이치시티,우량기업부,3380.0,9.47,361.0,0.51,6660.0,1.31
044990,에이치엔에스하이텍,기술성장기업부,12020.0,7.55,1591.0,0.81,14846.0,2.08
239610,에이치엘사이언스,벤처기업부,5430.0,,-2095.0,0.34,15855.0,
0156T0,에이치엘지노믹스,중견기업부,10870.0,7.9,1409.0,0.77,14369.0,
036170,에이치엠넥스,중견기업부,2645.0,14.01,192.0,1.18,2285.0,
477340,에이치엠씨제7호스팩,SPAC(소속부없음),2040.0,61.97,33.0,1.03,1985.0,
148930,에이치와이티씨,중견기업부,3425.0,5.41,631.0,0.49,7005.0,0.44
044780,에이치케이,벤처기업부,1300.0,4.0,327.0,0.38,3481.0,
357230,에이치피오,우량기업부,2210.0,9.74,232.0,0.61,3704.0,3.1
355690,에이텀,기술성장기업부,4370.0,,-1480.0,,,
071670,에이테크솔루션,중견기업부,5150.0,,-64.0,0.59,8779.0,
045660,에이텍,우량기업부,8480.0,,-1471.0,0.63,13582.0,4.1
224110,에이텍모빌리티,벤처기업부,9080.0,,-80.0,0.68,13422.0,3.29
021080,에이티넘인베스트,우량기업부,2305.0,4.19,559.0,0.54,4379.0,5.97
200470,에이팩트,중견기업부,5000.0,38.03,137.0,3.3,1578.0,
207490,에이펙스인텍,일반기업부,6410.0,,,,,0.47
262260,에이프로,우량기업부,2980.0,,-504.0,0.63,4929.0,1.61
007460,에이프로젠,,2540.0,,-3403.0,0.02,117663.0,
003060,에이프로젠바이오로직스,,2160.0,,-9919.0,0.13,16437.0,
397030,에이프릴바이오,기술성장기업부,27600.0,,-442.0,6.89,4194.0,
244920,에이플러스에셋,,13180.0,10.36,1266.0,1.69,7757.0,2.29
278470,에이피알,,384500.0,39.85,9498.0,27.97,13531.0,1.35
0009K0,에임드바이오,기술성장기업부,25000.0,372.46,69.0,8.66,2967.0,
230240,에치에프알,중견기업부,15210.0,,-648.0,1.5,10584.0,
159910,에코글로우,중견기업부,3200.0,,-430.0,1.71,1972.0,
097780,에코볼트,중견기업부,1193.0,,-646.0,0.14,8347.0,
038870,에코심플렉스,중견기업부,1811.0,,-165.0,0.37,5040.0,
448280,에코아이,중견기업부,7150.0,1795.0,4.0,1.78,4038.0,0.98
101360,에코앤드림,벤처기업부,7300.0,,-520.0,0.6,12149.0,
128540,에코캡,우량기업부,1199.0,13.03,95.0,0.29,4297.0,
086520,에코프로,중견기업부,86000.0,190.04,452.0,5.29,16243.0,0.18
450080,에코프로머티,,35950.0,60.35,604.0,2.37,15351.0,
247540,에코프로비엠,중견기업부,107000.0,182.56,585.0,5.85,18259.0,0.09
383310,에코프로에이치엔,우량기업부,23450.0,35.07,670.0,1.61,14554.0,0.85
038110,에코플라스틱,우량기업부,1940.0,,-152.0,0.22,8871.0,2.56
073540,에프알텍,벤처기업부,2330.0,100.0,24.0,0.46,5193.0,3.13
064850,에프앤가이드,벤처기업부,16730.0,14.72,1158.0,2.75,6191.0,1.53
036810,에프에스티,중견기업부,19990.0,,-687.0,1.69,12379.0,
173940,에프엔씨엔터,중견기업부,2410.0,,-399.0,1.57,1489.0,
083500,에프엔에스테크,우량기업부,12360.0,10.86,1155.0,1.16,10849.0,2.71
446440,에피바이오텍,일반기업부,15490.0,,,,,
317530,에피소드컴퍼니,기술성장기업부,2925.0,,-470.0,1.51,1937.0,
054940,엑사이엔씨,중견기업부,760.0,6.44,118.0,0.34,2211.0,
950130,엑세스바이오,외국기업(소속부없음),2300.0,,-2204.0,0.15,15112.0,
373110,엑셀세라퓨틱스,기술성장기업부,1314.0,,-784.0,3.41,378.0,
205100,엑셈,벤처기업부,1382.0,8.22,170.0,0.81,1721.0,3.01
356680,엑스게이트,벤처기업부,11090.0,63.89,185.0,6.92,1709.0,
317770,엑스페릭스,벤처기업부,2645.0,,-430.0,1.05,2520.0,
373200,엑스플러스,벤처기업부,1723.0,,-213.0,1.87,894.0,
069920,엑시온그룹,관리종목(소속부없음),1031.0,,-2379.0,0.25,4155.0,
092870,엑시콘,우량기업부,15350.0,18.68,878.0,1.08,15131.0,0.61
019490,엑시큐어하이트론,,541.0,,-327.0,3.84,141.0,
059180,엔더블유시,일반기업부,4095.0,,,,,
317870,엔바이오니아,기술성장기업부,4345.0,,-988.0,1.16,3718.0,
067570,엔브이에이치코리아,중견기업부,1736.0,,-768.0,0.36,4984.0,8.48
0004V0,엔비알모션,기술성장기업부,5640.0,,-1333.0,1.87,3123.0,
236810,엔비티,기술성장기업부,1423.0,,-222.0,1.15,1194.0,
140610,엔솔바이오사이언스,일반기업부,10330.0,,,,,
333620,엔시스,벤처기업부,5650.0,,-886.0,1.16,4830.0,0.71
101400,엔시트론,중견기업부,1795.0,,-155.0,0.58,3018.0,
475230,엔알비,벤처기업부,7870.0,,-292.0,0.97,8270.0,
224760,엔에스컴퍼니,일반기업부,2205.0,,,,,
481890,엔에이치스팩31호,SPAC(소속부없음),2070.0,73.93,28.0,1.02,2034.0,
0054V0,엔에이치스팩32호,SPAC(소속부없음),2005.0,,-41.0,1.07,1880.0,
0130H0,엔에이치스팩33호,SPAC(소속부없음),1982.0,,-63.0,1.09,1828.0,
265740,엔에프씨,벤처기업부,6350.0,8.99,696.0,1.65,3794.0,0.96
354200,엔젠바이오,기술성장기업부,1828.0,,-873.0,0.8,2525.0,
455900,엔젤로보틱스,기술성장기업부,22100.0,,-645.0,10.79,2001.0,
419080,엔젯,기술성장기업부,5540.0,,-688.0,1.62,3323.0,
093510,엔지브이아이,일반기업부,551.0,,,,,
183490,엔지켐생명과학,관리종목(소속부없음),990.0,,-213.0,0.56,1755.0,
085310,엔케이,,9200.0,,-188.0,0.4,23222.0,1.07
182400,엔케이젠바이오텍코리아,관리종목(소속부없음),0.0,,-144.0,43.18,85.0,
348370,엔켐,중견기업부,24850.0,,-6298.0,1.09,21964.0,
069410,엔텔스,벤처기업부,2850.0,9.9,297.0,0.52,5706.0,
227950,엔투텍,벤처기업부,1225.0,9.58,129.0,0.34,3607.0,
291230,엔피,중견기업부,588.0,,-94.0,1.06,554.0,
048830,엔피케이,중견기업부,1025.0,22.78,45.0,0.41,2493.0,2.93
096870,엘디티,벤처기업부,2330.0,12.25,191.0,0.98,2400.0,
276240,엘리비젼,일반기업부,500.0,,,,,
900140,엘브이엠씨홀딩스,,1245.0,14.92,84.0,0.45,2801.0,
290650,엘앤씨바이오,우량기업부,62000.0,,-5531.0,7.5,8240.0,0.08
066970,엘앤에프,,90200.0,,-12823.0,5.12,17082.0,
156100,엘앤케이바이오,벤처기업부,3555.0,,-352.0,1.37,2652.0,
0041J0,엘에스스팩1호,SPAC(소속부없음),1991.0,663.67,3.0,0.99,2009.0,
311060,엘에이티,일반기업부,3150.0,,,,,
073110,엘엠에스,벤처기업부,4845.0,,-770.0,0.48,10179.0,4.54
083310,엘오티베큠,우량기업부,8230.0,,-237.0,0.55,15196.0,
037950,엘컴텍,중견기업부,3070.0,15.48,199.0,0.62,4997.0,
489500,엘케이켐,벤처기업부,19080.0,23.33,836.0,2.01,9716.0,
170920,엘티씨,벤처기업부,35550.0,38.61,1010.0,2.95,13230.0,0.26
058630,엠게임,우량기업부,4415.0,5.72,765.0,0.61,7200.0,5.07
226590,엠디바이스,기술성장기업부,11400.0,122.37,93.0,3.08,3693.0,
058970,엠로,기술성장기업부,15980.0,,-53.0,2.13,7559.0,
169330,엠브레인,중견기업부,1270.0,63.65,20.0,0.86,1486.0,
097520,엠씨넥스,,18910.0,7.52,2592.0,0.8,24264.0,5.13
373170,엠아이큐브솔루션,벤처기업부,1790.0,18.35,97.0,1.22,1458.0,3.75
179290,엠아이텍,우량기업부,5080.0,8.46,599.0,1.29,3921.0,2.37
484870,엠앤씨솔루션,,16000.0,10.47,1595.0,2.58,6483.0,4.97
009780,엠에스씨,우량기업부,6290.0,4.8,1322.0,0.58,11011.0,2.05
123040,엠에스오토텍,중견기업부,1649.0,,-1607.0,0.49,3419.0,
432980,엠에프씨,기술성장기업부,2620.0,101.73,26.0,0.72,3652.0,
007820,엠엑스로보틱스,중견기업부,3175.0,,-491.0,1.22,2695.0,
347890,엠엑스온,벤처기업부,4365.0,43.71,101.0,0.96,4582.0,1.36
413390,엠오티,중견기업부,6880.0,22.77,307.0,1.36,5135.0,1.43
032790,엠젠솔루션,벤처기업부,942.0,,-726.0,0.83,1120.0,
033160,엠케이전자,중견기업부,16820.0,66.39,263.0,1.02,17159.0,0.69
033310,엠투엔,중견기업부,1337.0,51.27,26.0,0.38,3503.0,
259630,엠플러스,우량기업부,9730.0,4.15,2367.0,1.04,9420.0,2.04
105550,엣지파운드리,중견기업부,397.0,12.81,31.0,0.22,1802.0,
060850,영림원소프트랩,벤처기업부,5130.0,5.08,1009.0,0.75,6851.0,2.34
014440,영보화학,,4550.0,5.54,822.0,0.47,9789.0,7.68
143540,영우디에스피,벤처기업부,1032.0,4.38,231.0,1.27,800.0,
111770,영원무역,,93400.0,7.25,12493.0,0.9,101071.0,2.32
009970,영원무역홀딩스,,206500.0,6.86,29208.0,0.75,269094.0,3.28
003520,영진약품,,1227.0,,-19.0,2.54,486.0,
000670,영풍,,37750.0,,-15221.0,0.2,199104.0,0.01
012280,영화금속,,799.0,3.24,252.0,0.48,1693.0,4.29
265560,영화테크,우량기업부,7280.0,3.27,2237.0,0.77,9521.0,1.78
012160,영흥,,2350.0,,-2679.0,0.24,9985.0,
036000,예림당,중견기업부,2815.0,0.47,6046.0,0.26,11069.0,
250930,예선테크,관리종목(소속부없음),1680.0,9.02,180.0,0.64,2528.0,
053280,예스24,중견기업부,3230.0,,-601.0,0.46,7096.0,7.7
122640,예스티,벤처기업부,20400.0,487.5,44.0,3.29,6517.0,
476040,오가노이드사이언스,기술성장기업부,8270.0,,-2498.0,2.78,3088.0,
900300,오가닉티코스메틱,외국기업(소속부없음),1896.0,,-24026.0,0.04,54947.0,
212310,오건에코텍,일반기업부,635.0,,,,,
045060,오공,우량기업부,2110.0,5.81,366.0,0.29,7230.0,2.35
192410,오늘이엔엠,중견기업부,4170.0,,-4510.0,19.05,221.0,
080520,오디텍,벤처기업부,3045.0,,-46.0,0.27,11190.0,3.27
007310,오뚜기,,341500.0,18.89,17919.0,0.55,610025.0,2.66
039830,오로라,우량기업부,22800.0,9.41,2355.0,1.18,18846.0,2.71
322310,오로스테크놀로지,벤처기업부,13590.0,,-1191.0,2.21,6357.0,
046120,오르비텍,중견기업부,4690.0,9.66,500.0,1.59,3045.0,
475830,오름테라퓨틱,기술성장기업부,61900.0,,-2264.0,12.36,5236.0,
014940,오리엔탈정공,우량기업부,4600.0,11.76,403.0,1.64,2890.0,
002630,오리엔트바이오,,1065.0,,-77.0,0.93,1156.0,
065500,오리엔트정공,중견기업부,1182.0,,-28.0,0.97,1219.0,
271560,오리온,,137600.0,13.57,10190.0,1.4,98614.0,2.53
001800,오리온홀딩스,,27750.0,13.03,2149.0,0.68,41402.0,3.93
010470,오리콤,우량기업부,4770.0,6.2,775.0,0.44,10914.0,5.62
417860,오브젠,벤처기업부,7210.0,,-808.0,3.28,2199.0,
352910,오비고,기술성장기업부,3430.0,,-214.0,1.31,2628.0,
053980,오상자이엘,우량기업부,2510.0,5.11,493.0,0.44,5793.0,5.95
036220,오상헬스케어,우량기업부,7070.0,,-305.0,0.35,20463.0,2.82
052420,오성첨단소재,우량기업부,9100.0,1.8,5113.0,0.28,32731.0,
332190,오션스바이오,일반기업부,2710.0,,,,,
052300,오션인더블유,중견기업부,1360.0,,-90.0,0.08,17451.0,
039200,오스코텍,벤처기업부,34950.0,24.83,1452.0,7.71,4676.0,
226400,오스테오닉,기술성장기업부,5070.0,11.21,455.0,1.46,3495.0,
031510,오스템,중견기업부,1199.0,2.79,424.0,0.38,3074.0,1.69
342870,오아,중견기업부,3890.0,,-758.0,0.46,8401.0,
368970,오에스피,관리종목(소속부없음),2260.0,,-478.0,0.5,4505.0,
138080,오이솔루션,벤처기업부,26550.0,,-1758.0,4.18,6452.0,
080580,오킨스전자,벤처기업부,12840.0,23.73,555.0,4.39,3002.0,
067170,오텍,중견기업부,2080.0,,-755.0,0.55,4049.0,
353590,오토앤,중견기업부,1672.0,,-445.0,1.24,1335.0,
173130,오파스넷,중견기업부,5920.0,5.57,1076.0,1.23,4857.0,4.17
440320,오픈놀,기술성장기업부,2335.0,,-632.0,0.64,3580.0,
049480,오픈베이스,우량기업부,1900.0,6.26,310.0,0.61,3195.0,1.29
394280,오픈엣지테크놀로지,기술성장기업부,9400.0,,-1304.0,26.71,368.0,
476060,온코닉테라퓨틱스,기술성장기업부,14050.0,30.68,458.0,7.93,1772.0,
382150,온코크로스,기술성장기업부,3510.0,,-774.0,3.69,959.0,
005320,온타이드,,754.0,,-423.0,0.3,2694.0,
244460,올리패스,관리종목(소속부없음),1651.0,,-2416.0,,,
226950,올릭스,기술성장기업부,121200.0,,-577.0,20.04,6493.0,
057540,옴니시스템,중견기업부,839.0,38.68,22.0,0.46,1865.0,
131030,옵투스제약,우량기업부,5800.0,7.9,758.0,0.59,10134.0,
082210,옵트론텍,중견기업부,1925.0,,-608.0,0.99,1886.0,
109080,옵티시스,벤처기업부,8760.0,12.71,713.0,0.71,12717.0,2.76
380540,옵티코어,관리종목(소속부없음),8450.0,,-993.0,9.94,850.0,
153710,옵티팜,기술성장기업부,4765.0,,-144.0,2.87,1688.0,
432430,와이랩,기술성장기업부,2095.0,,-440.0,1.37,1530.0,
338840,와이바이오로직스,기술성장기업부,9980.0,,-2961.0,6.99,1477.0,
122990,와이솔,중견기업부,5820.0,,-1028.0,0.54,10927.0,8.53
232140,와이씨,우량기업부,9200.0,35.22,270.0,2.05,4636.0,
112290,와이씨켐,기술성장기업부,9860.0,29.51,345.0,4.14,2458.0,
065530,와이어블,우량기업부,1288.0,11.59,111.0,0.8,1603.0,3.89
067900,와이엔텍,우량기업부,5940.0,3.48,1716.0,0.31,19077.0,1.68
007530,와이엠,중견기업부,1594.0,11.78,134.0,0.6,2638.0,1.27
155650,와이엠씨,우량기업부,3060.0,17.42,178.0,0.48,6482.0,2.42
273640,와이엠텍,벤처기업부,4900.0,26.67,189.0,0.83,6067.0,1.98
251370,와이엠티,벤처기업부,7970.0,,-8.0,0.74,11226.0,
209640,와이제이링크,중견기업부,3350.0,75.0,47.0,1.29,2740.0,
096250,와이즈넛,기술성장기업부,6400.0,19.94,330.0,1.31,5010.0,1.29
273060,와이즈버즈,중견기업부,1038.0,13.41,75.0,0.99,1014.0,
019210,와이지-원,우량기업부,18590.0,14.91,1260.0,1.51,12420.0,1.01
122870,와이지엔터테인먼트,우량기업부,41550.0,21.2,1953.0,1.5,27645.0,0.73
011690,와이투솔루션,,3340.0,,-301.0,1.25,2701.0,
079000,와토스코리아,중견기업부,4310.0,,-442.0,0.4,10797.0,9.28
403490,우듬지팜,벤처기업부,505.0,,-145.0,0.67,759.0,
316140,우리금융지주,,34800.0,8.14,4216.0,0.66,51992.0,3.97
032820,우리기술,벤처기업부,11200.0,57.03,202.0,11.94,965.0,
041190,우리기술투자,우량기업부,4580.0,3.56,1310.0,0.46,10178.0,
115440,우리넷,우량기업부,7360.0,81.85,92.0,0.82,9218.0,0.66
046970,우리로,벤처기업부,4765.0,84.66,59.0,5.33,937.0,
082850,우리바이오,중견기업부,935.0,,-138.0,0.21,4471.0,2.11
215360,우리산업,우량기업부,6700.0,3.68,1821.0,0.5,13492.0,2.98
072470,우리산업홀딩스,중견기업부,2515.0,3.33,775.0,0.33,7738.0,2.33
073560,우리손에프앤지,우량기업부,1509.0,4.04,372.0,0.32,4677.0,9.97
037400,우리엔터프라이즈,중견기업부,709.0,,-97.0,0.12,5661.0,2.88
153490,우리이앤엘하루틴,우량기업부,405.0,,-74.0,0.24,1690.0,4.94
101170,우림피티에스,벤처기업부,8030.0,51.75,160.0,1.32,6274.0,0.6
006980,우성,,16450.0,5.79,2845.0,0.22,74227.0,7.89
011300,우성머티리얼스,,3270.0,,-566.0,1.68,1931.0,
017370,우신시스템,,3935.0,6.67,601.0,0.35,11581.0,0.75
103840,우양,중견기업부,1795.0,14.58,123.0,0.63,2831.0,
101970,우양에이치씨,중견기업부,10150.0,73.56,146.0,0.84,12772.0,
046940,우원개발,우량기업부,2985.0,1.12,2703.0,0.35,8703.0,3.96
065680,우주일렉트로,우량기업부,22150.0,9.41,2434.0,0.68,33581.0,1.53
105840,우진,,14600.0,22.7,666.0,1.54,9840.0,1.98
018620,우진비앤지,벤처기업부,2620.0,,-308.0,0.59,4425.0,
010400,우진아이엔에스,,4090.0,3.69,1116.0,0.36,11559.0,3.65
457550,우진엔텍,중견기업부,14300.0,21.0,709.0,2.7,5516.0,1.01
049800,우진플라임,,1759.0,13.98,130.0,0.34,5307.0,2.75
016880,웅진,,2025.0,3.42,593.0,0.93,2182.0,
095720,웅진씽크빅,,1216.0,,-273.0,0.28,4416.0,13.73
396470,워트,중견기업부,5830.0,28.7,207.0,1.43,4163.0,1.18
005820,원림,,14190.0,9.23,1552.0,0.23,61428.0,3.21
307280,원바이오젠,벤처기업부,5480.0,5.67,976.0,0.9,6141.0,2.53
032940,원익,우량기업부,5710.0,11.32,521.0,0.38,15703.0,
240810,원익IPS,우량기업부,88300.0,42.09,2257.0,4.71,20184.0,0.21
074600,원익QnC,우량기업부,27700.0,32.9,889.0,1.51,19354.0,0.44
104830,원익머트리얼즈,우량기업부,32850.0,8.27,4045.0,0.79,42403.0,1.5
014190,원익큐브,우량기업부,1210.0,10.84,112.0,0.38,3161.0,
217820,원익피앤이,중견기업부,2040.0,,-298.0,0.94,2181.0,
030530,원익홀딩스,중견기업부,19050.0,78.12,250.0,1.49,13089.0,
012620,원일특강,우량기업부,6950.0,4.21,1662.0,0.18,37964.0,3.86
136150,원일티엔아이,벤처기업부,7180.0,,-256.0,1.29,5686.0,
382840,원준,중견기업부,4720.0,,-1055.0,0.69,6933.0,
336570,원텍,우량기업부,5180.0,14.03,375.0,2.87,1831.0,0.95
376980,원티드랩,기술성장기업부,3020.0,32.61,94.0,0.74,4128.0,
122830,원포유,일반기업부,1088.0,,,,,
008370,원풍,우량기업부,4875.0,7.25,672.0,0.55,8931.0,9.23
008290,원풍물산,관리종목(소속부없음),358.0,,-355.0,0.51,732.0,
101160,월덱스,우량기업부,28650.0,10.3,2831.0,1.32,22051.0,0.34
336060,웨이버스,벤처기업부,2910.0,15.19,187.0,0.67,4266.0,
095270,웨이브일렉트로,벤처기업부,4375.0,52.21,86.0,1.08,4166.0,
289930,웨이비스,기술성장기업부,6980.0,15.84,464.0,1.58,4660.0,
065950,웰크론,중견기업부,1014.0,,-652.0,0.73,1375.0,2.0
076080,웰크론한텍,중견기업부,933.0,,-2079.0,1.97,465.0,
043590,웰킵스하이텍,중견기업부,1120.0,,-308.0,0.44,2591.0,
196700,웹스,벤처기업부,1399.0,4.19,332.0,0.47,2942.0,
069080,웹젠,우량기업부,12250.0,13.43,912.0,0.53,23133.0,5.71
053580,웹케시,우량기업부,6910.0,7.19,966.0,0.78,8882.0,2.88
479960,위너스일렉,중견기업부,6000.0,8.82,671.0,1.07,5531.0,8.45
044340,위닉스,중견기업부,4740.0,,-5528.0,0.58,7392.0,2.32
330350,위더스제약,우량기업부,6980.0,12.79,552.0,0.91,7726.0,
348350,위드텍,벤처기업부,8980.0,9.17,986.0,0.7,12989.0,2.21
112040,위메이드,중견기업부,16370.0,21.93,758.0,1.45,11471.0,1.78
101730,위메이드맥스,중견기업부,3270.0,,-537.0,0.61,5423.0,
123420,위메이드플레이,우량기업부,6060.0,3.3,1861.0,0.24,26102.0,
065370,위세아이텍,벤처기업부,3175.0,8.67,362.0,0.73,4282.0,4.78
140660,위월드,일반기업부,872.0,,,,,
038620,위즈코프,벤처기업부,1756.0,3.44,509.0,0.26,6622.0,
299900,위지윅스튜디오,중견기업부,233.0,,-136.0,0.3,787.0,
036090,위지트,중견기업부,1261.0,7.13,182.0,0.34,3765.0,
459100,위츠,중견기업부,4225.0,11.46,371.0,1.27,3336.0,7.06
136540,윈스테크넷,우량기업부,10680.0,7.38,1449.0,0.64,16644.0,7.48
097800,윈팩,중견기업부,1689.0,,-520.0,0.79,2225.0,
192390,윈하이텍,벤처기업부,1809.0,,-855.0,0.29,6228.0,
008600,윌비스,,2620.0,,-5857.0,0.41,6442.0,
335870,윙스풋,중견기업부,1090.0,,-111.0,0.75,1455.0,
900340,윙입푸드,외국기업(소속부없음),1554.0,2.07,662.0,0.07,20905.0,
033270,유나이티드제약,,18300.0,7.51,2431.0,0.63,28950.0,3.34
014830,유니드,,61800.0,6.31,10022.0,0.36,174442.0,3.17
446070,유니드비티플러스,,3560.0,,-558.0,0.2,17941.0,
036200,유니셈,우량기업부,7510.0,23.01,339.0,0.93,8402.0,1.03
018000,유니슨,중견기업부,918.0,,-105.0,2.2,417.0,
000910,유니온,,2890.0,0.87,3321.0,0.33,8769.0,4.32
047400,유니온머티리얼,,886.0,14.97,62.0,2.09,445.0,
203450,유니온바이오메트릭스,벤처기업부,2410.0,24.2,100.0,0.71,3403.0,3.72
011330,유니켐,,5910.0,,-1093.0,0.45,14120.0,
077500,유니퀘스트,,5530.0,5.31,1065.0,0.47,11999.0,3.54
011320,유니크,우량기업부,3760.0,5.5,690.0,0.52,7299.0,1.58
086390,유니테스트,중견기업부,8720.0,,-805.0,1.92,4766.0,
241690,유니테크노,우량기업부,2545.0,,-114.0,0.45,5732.0,0.66
142210,유니트론텍,우량기업부,5470.0,4.98,1115.0,0.76,7311.0,2.97
121060,유니포인트,일반기업부,841.0,,,,,3.57
389680,유디엠텍,기술성장기업부,1140.0,,-358.0,0.87,1200.0,
088340,유라클,벤처기업부,6950.0,,-1544.0,1.5,4732.0,
048430,유라테크,우량기업부,5790.0,7.48,770.0,0.42,13580.0,3.47
206650,유바이오로직스,우량기업부,8690.0,11.03,798.0,1.8,4894.0,
089850,유비벨록스,우량기업부,4395.0,,-413.0,0.47,9344.0,
495810,유비씨,일반기업부,13120.0,,,,,
084440,유비온,기술성장기업부,1179.0,43.46,26.0,2.74,413.0,
264450,유비쿼스,우량기업부,10270.0,5.41,1886.0,0.76,13360.0,4.6
078070,유비쿼스홀딩스,중견기업부,9250.0,6.18,1509.0,0.57,16430.0,2.58
002920,유성기업,,1856.0,,-1156.0,0.18,10105.0,
024800,유성티엔에스,우량기업부,4225.0,3.05,1387.0,0.26,16116.0,
000700,유수홀딩스,,6530.0,16.75,391.0,0.51,12856.0,5.34
054930,유신,우량기업부,17420.0,6.26,2802.0,0.34,50933.0,5.13
069330,유아이디,벤처기업부,1017.0,3.71,272.0,0.65,1546.0,
049520,유아이엘,우량기업부,3810.0,5.62,680.0,0.58,6586.0,10.47
473050,유안타제15호스팩,SPAC(소속부없음),2085.0,65.31,32.0,1.04,2011.0,
474490,유안타제16호스팩,SPAC(소속부없음),2060.0,58.86,35.0,1.01,2031.0,
493790,유안타제17호스팩,SPAC(소속부없음),2005.0,62.81,32.0,1.01,1989.0,
003470,유안타증권,,4550.0,6.31,727.0,0.49,9362.0,4.8
003475,유안타증권우,,4235.0,5.87,727.0,0.46,9362.0,6.32
263770,유에스티,우량기업부,1585.0,14.81,107.0,0.45,3501.0,3.79
337840,유엑스엔,일반기업부,6270.0,,,,,
072130,유엔젤,,4975.0,14.15,354.0,0.95,5258.0,2.0
000220,유유제약,,3700.0,8.15,461.0,0.53,7146.0,3.06
000225,유유제약1우,,3755.0,8.2,461.0,0.53,7146.0,3.31
000227,유유제약2우B,,7750.0,16.81,461.0,1.08,7146.0,1.61
388720,유일로보틱스,벤처기업부,71000.0,,-2797.0,9.06,7933.0,
023410,유진기업,중견기업부,3365.0,5.75,590.0,0.25,13641.0,5.31
056080,유진로봇,중견기업부,12460.0,,-227.0,18.99,662.0,
468760,유진스팩10호,SPAC(소속부없음),2080.0,86.67,24.0,1.01,2056.0,
488060,유진스팩11호,SPAC(소속부없음),2010.0,57.71,35.0,1.0,2023.0,
0105P0,유진스팩12호,SPAC(소속부없음),1986.0,,-29.0,1.05,1897.0,
084370,유진테크,우량기업부,111200.0,48.08,2473.0,5.61,21188.0,0.19
240600,유진테크놀로지,관리종목(소속부없음),1783.0,,-823.0,0.39,4552.0,
001200,유진투자증권,,4225.0,3.75,1148.0,0.34,12714.0,4.19
179900,유티아이,투자주의환기종목(소속부없음),2230.0,,-2150.0,0.82,2881.0,
263050,유틸렉스,관리종목(소속부없음),959.0,,-591.0,2.8,342.0,
000100,유한양행,,80600.0,30.3,2617.0,2.59,30611.0,0.76
000105,유한양행우,,66300.0,25.53,2617.0,2.18,30611.0,0.91
003460,유화증권,,3125.0,12.76,246.0,0.36,8756.0,7.01
003465,유화증권우,,3090.0,12.56,246.0,0.35,8756.0,7.44
191410,육일씨엔에쓰,관리종목(소속부없음),1523.0,8.56,174.0,0.77,1933.0,
372170,윤성에프앤씨,우량기업부,18380.0,,-2350.0,0.83,22291.0,0.43
146060,율촌,중견기업부,1032.0,11.69,88.0,0.45,2284.0,
008730,율촌화학,,14840.0,,-119.0,1.3,11601.0,1.66
008250,이건산업,,2635.0,,-1236.0,0.15,17573.0,3.77
039020,이건홀딩스,중견기업부,2505.0,,-294.0,0.31,8234.0,1.98
025820,이구산업,,4370.0,6.88,638.0,0.93,4701.0,2.05
067920,이글루,우량기업부,5580.0,,-44.0,0.81,6804.0,3.8
044960,이글벳,중견기업부,3075.0,9.04,343.0,0.73,4267.0,2.58
303530,이노뎁,벤처기업부,2735.0,,-343.0,0.61,4429.0,
302430,이노메트리,벤처기업부,5110.0,,-110.0,0.83,6206.0,
279060,이노벡스,일반기업부,115.0,,,,,
214320,이노션,,19530.0,6.88,2881.0,0.72,27380.0,5.93
462350,이노스페이스,기술성장기업부,7110.0,,-2903.0,5.24,1394.0,
274400,이노시뮬레이션,기술성장기업부,2280.0,,-144.0,0.71,3262.0,
296640,이노에이엑스,벤처기업부,4305.0,8.91,485.0,0.65,6656.0,5.09
215790,이노인스트루먼트,중견기업부,883.0,,-201.0,1.06,873.0,
344860,이노진,기술성장기업부,1304.0,108.92,12.0,1.1,1190.0,6.89
333050,이노테나,벤처기업부,5090.0,12.81,391.0,1.01,4976.0,2.4
469610,이노테크,중견기업부,12390.0,10.71,1188.0,1.72,7381.0,
088390,이녹스,중견기업부,7200.0,3.22,2258.0,0.38,18964.0,
272290,이녹스첨단소재,우량기업부,20900.0,8.03,2652.0,0.99,21611.0,1.64
053350,이니텍,중견기업부,3770.0,121.94,31.0,0.55,6822.0,
452400,이닉스,우량기업부,5980.0,221.48,27.0,0.43,13821.0,
264850,이랜시스,중견기업부,6550.0,44.53,150.0,3.69,1811.0,0.75
054210,이랜텍,우량기업부,7740.0,4.75,1626.0,0.67,11460.0,1.3
009730,이렘,투자주의환기종목(소속부없음),1908.0,,-2296.0,0.36,5335.0,
065440,이루온,벤처기업부,1534.0,,-3.0,0.82,1906.0,
088260,이리츠코크렙,,2935.0,13.39,220.0,0.9,3271.0,11.89
139480,이마트,,81600.0,17.97,4536.0,0.19,431878.0,3.07
424870,이뮨온시아,기술성장기업부,3195.0,,-346.0,11.14,289.0,
115610,이미지스,벤처기업부,1653.0,,-187.0,1.9,879.0,
478110,이베스트스팩6호,SPAC(소속부없음),2035.0,75.37,27.0,1.11,1834.0,
131400,이브이첨단소재,벤처기업부,718.0,,-234.0,0.42,1712.0,
208850,이비테크,일반기업부,5170.0,,,,,
351330,이삭엔지니어링,벤처기업부,3530.0,,-1010.0,0.95,3801.0,
080010,이상네트웍스,중견기업부,8000.0,5.48,1451.0,0.52,15399.0,2.52
379390,이성씨엔아이,일반기업부,5580.0,,,,,
457190,이수스페셜티케미컬,,62800.0,,-37.0,14.1,4462.0,
086890,이수앱지스,중견기업부,3365.0,,-54.0,1.22,2831.0,
007660,이수페타시스,,82300.0,36.51,2372.0,7.98,10848.0,0.27
005950,이수화학,,14300.0,,-94.0,3.35,4425.0,
015020,이스타코,,928.0,,-54.0,0.5,1846.0,
047560,이스트소프트,중견기업부,8290.0,,-1204.0,1.71,4946.0,
239340,이스트에이드,중견기업부,928.0,,-239.0,1.75,503.0,
067010,이씨에스,벤처기업부,2095.0,15.33,136.0,0.43,4899.0,4.8
456070,이엔셀,기술성장기업부,6170.0,,-1531.0,1.94,3178.0,
102710,이엔에프테크놀로지,우량기업부,45500.0,12.12,3986.0,1.48,32555.0,0.41
074610,이엔플러스,,0.0,,-929.0,2.41,2116.0,
041520,이엘씨,투자주의환기종목(소속부없음),10840.0,12.88,872.0,0.77,14593.0,3.25
063760,이엘피,벤처기업부,2430.0,3.92,613.0,0.32,7616.0,4.17
123570,이엠넷,중견기업부,1678.0,18.37,92.0,0.37,4534.0,3.55
083470,이엠앤아이,벤처기업부,980.0,,-225.0,2.44,439.0,
091120,이엠텍,중견기업부,4110.0,,-684.0,0.34,12254.0,
232530,이엠티,일반기업부,10000.0,,,,,
102460,이연제약,,10030.0,,-2184.0,0.89,11427.0,
039030,이오테크닉스,우량기업부,324500.0,55.76,6008.0,5.84,57377.0,0.36
294090,이오플로우,관리종목(소속부없음),1490.0,1.28,1160.0,,,
088290,이원컴포텍,관리종목(소속부없음),2560.0,,-89.0,2.92,914.0,
084680,이월드,,546.0,,-107.0,0.37,1503.0,
353810,이지바이오,우량기업부,6300.0,6.24,1010.0,1.82,3461.0,3.97
261520,이지스,기술성장기업부,4235.0,,-591.0,0.9,4692.0,
350520,이지스레지던스리츠,,3365.0,5.02,670.0,0.39,8574.0,8.92
334890,이지스밸류플러스리츠,,3580.0,9.46,380.0,0.57,6292.0,9.17
099750,이지케어텍,벤처기업부,6790.0,15.13,446.0,2.06,3282.0,
377330,이지트로닉스,기술성장기업부,2665.0,,-2053.0,0.6,4466.0,
035810,이지홀딩스,우량기업부,4465.0,10.6,427.0,0.47,9650.0,30.08
092130,이크레더블,중견기업부,14360.0,13.27,1081.0,5.21,2756.0,5.92
134060,이퓨쳐,벤처기업부,5230.0,17.31,301.0,0.86,6087.0,4.8
001840,이화공영,관리종목(소속부없음),0.0,11.78,188.0,4.23,524.0,
000760,이화산업,,13010.0,,-535.0,0.28,48046.0,
014990,인디에프,,1825.0,19.8,93.0,0.73,2519.0,
041830,인바디,우량기업부,70800.0,23.68,2965.0,2.85,24634.0,0.86
352940,인바이오,벤처기업부,2010.0,27.26,73.0,0.49,4101.0,
101140,인바이오젠,,5320.0,,-1805.0,0.38,14319.0,
216400,인바이츠바이오코아,일반기업부,600.0,,,,,
079950,인베니아,관리종목(소속부없음),1103.0,,-860.0,0.57,1823.0,
0007J0,인벤테라,기술성장기업부,7840.0,,-1210.0,1.97,4017.0,
389470,인벤티지랩,기술성장기업부,31350.0,140.89,225.0,4.86,6527.0,
277410,인산가,벤처기업부,5620.0,37.11,152.0,0.28,20193.0,3.55
060150,인선이엔티,중견기업부,3065.0,,-152.0,0.43,7075.0,
033230,인성정보,중견기업부,977.0,,-28.0,0.58,1708.0,
450520,인스웨이브,벤처기업부,1803.0,,-195.0,0.71,2602.0,
465480,인스피언,벤처기업부,3165.0,12.27,258.0,0.57,5525.0,3.16
037330,인지디스플레,우량기업부,810.0,10.95,74.0,0.19,4207.0,4.32
100030,인지소프트,중견기업부,19650.0,2.15,9106.0,0.64,30689.0,5.75
023800,인지컨트롤스,,5200.0,8.22,634.0,0.34,15209.0,5.18
034590,인천도시가스,,26450.0,5.35,4942.0,0.46,57987.0,5.2
211050,인카금융서비스,우량기업부,10530.0,6.77,1556.0,2.34,4496.0,3.51
083640,인콘,벤처기업부,1167.0,20.89,57.0,0.24,4996.0,
064090,인크레더블버즈,관리종목(소속부없음),798.0,,-531.0,0.64,1238.0,
216050,인크로스,중견기업부,5110.0,5.57,908.0,0.48,10648.0,5.89
049070,인탑스,우량기업부,17930.0,14.47,1272.0,0.43,43078.0,1.09
311960,인터로이드,일반기업부,1999.0,,,,,
119610,인터로조,우량기업부,14070.0,11.56,1279.0,1.23,12045.0,4.4
017250,인터엠,중견기업부,1011.0,7.59,133.0,0.48,2104.0,
129260,인터지스,,1929.0,8.27,234.0,0.19,10286.0,5.17
051370,인터플렉스,우량기업부,6920.0,4.72,1490.0,0.5,14076.0,
064290,인텍플러스,중견기업부,29500.0,1621.05,19.0,8.4,3665.0,
189300,인텔리안테크,우량기업부,70600.0,22.34,3267.0,2.66,27393.0,0.27
287840,인투셀,기술성장기업부,18000.0,,-764.0,13.01,1417.0,
048530,인트론바이오,기술성장기업부,2615.0,,-272.0,1.27,2086.0,
070590,인티큐브,중견기업부,1685.0,,-156.0,2.2,767.0,
023810,인팩,,5120.0,6.21,831.0,0.39,13096.0,3.49
115310,인포바인,벤처기업부,7400.0,18.11,413.0,0.58,12836.0,3.21
039290,인포뱅크,중견기업부,3625.0,,-455.0,0.47,7769.0,
071200,인피니트헬스케어,중견기업부,9510.0,6.06,1666.0,1.22,8285.0,1.98
101930,인화정공,우량기업부,7250.0,9.76,742.0,0.97,7439.0,4.14
249420,일동제약,,15320.0,13.6,1143.0,1.98,7863.0,1.29
000230,일동홀딩스,,6370.0,4.3,1482.0,0.43,14823.0,1.57
013360,일성건설,,1426.0,23.19,63.0,1.08,1351.0,
003120,일성아이에스,,20400.0,223.08,91.0,0.38,52907.0,5.91
333430,일승,중견기업부,4000.0,13.51,299.0,2.57,1575.0,
068330,일신바이오,중견기업부,942.0,8.34,115.0,0.61,1568.0,1.04
003200,일신방직,,10470.0,13.31,795.0,0.25,42538.0,3.78
007110,일신석재,,735.0,,-3.0,0.96,758.0,
007570,일양약품,,8500.0,8.18,1032.0,0.61,13825.0,1.84
007575,일양약품우,,7490.0,7.26,1032.0,0.54,13825.0,2.4
178780,일월지엠엘,벤처기업부,2170.0,7.49,293.0,1.08,2029.0,11.39
019540,일지테크,우량기업부,6560.0,1.65,4020.0,0.42,15865.0,2.26
081000,일진다이아,,8840.0,14.65,609.0,0.31,29107.0,3.36
020760,일진디스플,,902.0,,-108.0,1.51,599.0,
103590,일진전기,,58300.0,24.8,2452.0,4.81,12650.0,0.82
094820,일진파워,우량기업부,11520.0,7.44,1578.0,1.19,9838.0,3.07
271940,일진하이솔루스,,10670.0,,-43.0,1.22,8676.0,
015860,일진홀딩스,,6340.0,7.76,820.0,0.53,12039.0,3.15
226320,잇츠한불,,10100.0,9.36,1090.0,0.46,22375.0,2.7
950140,잉글우드랩,외국기업(소속부없음),9140.0,6.24,1441.0,1.04,8669.0,2.24
049550,잉크테크,우량기업부,3335.0,15.23,219.0,0.82,4071.0,
389020,자람테크놀로지,기술성장기업부,20500.0,,-877.0,2.92,7166.0,
254120,자비스,기술성장기업부,927.0,,-134.0,1.16,792.0,
043910,자연과환경,벤처기업부,3185.0,,-559.0,0.43,7325.0,
234920,자이글,관리종목(소속부없음),5310.0,,-247.0,3.68,1443.0,
289220,자이언트스텝,기술성장기업부,1170.0,,-817.0,0.55,2114.0,
317400,자이에스앤디,,8320.0,9.56,863.0,0.7,11825.0,1.82
033240,자화전자,,25150.0,7.08,3603.0,1.07,23887.0,
049630,재영솔루텍,우량기업부,6120.0,7.05,880.0,1.29,4810.0,
417840,저스템,벤처기업부,9950.0,34.75,301.0,3.69,2836.0,
000950,전방,,31150.0,,-1446.0,0.15,199389.0,3.28
079900,전진건설로봇,,32900.0,15.53,2134.0,3.15,10516.0,4.19
110020,전진바이오팜,기술성장기업부,1901.0,997.5,2.0,1.05,1903.0,
208140,정다운,우량기업부,2245.0,12.17,184.0,0.58,3834.0,8.93
040420,정상제이엘에스,우량기업부,5790.0,14.24,408.0,1.1,5270.0,9.12
045510,정원엔시스,중견기업부,1013.0,17.58,57.0,0.69,1456.0,
217190,제너셈,벤처기업부,4895.0,138.11,37.0,1.4,3659.0,0.98
095700,제넥신,기술성장기업부,2640.0,,-455.0,0.52,5050.0,
122310,제노레이,우량기업부,3420.0,235.33,15.0,0.54,6548.0,4.25
361390,제노코,벤처기업부,13140.0,,-223.0,2.05,6683.0,
066830,제노텍,일반기업부,1298.0,,,,,
225220,제놀루션,벤처기업부,1330.0,,-467.0,0.35,3817.0,
123330,제닉,우량기업부,28700.0,11.65,2365.0,4.84,5694.0,
381620,제닉스로보틱스,중견기업부,6050.0,,-713.0,1.72,3559.0,
159580,제로투세븐,중견기업부,2160.0,12.66,169.0,0.52,4155.0,2.34
147830,제룡산업,벤처기업부,6690.0,9.7,704.0,1.53,4478.0,4.39
033100,제룡전기,우량기업부,45000.0,14.34,3240.0,3.25,14303.0,2.37
079370,제우스,우량기업부,8760.0,,-358.0,0.83,10803.0,0.56
054950,제이브이엠,우량기업부,24800.0,10.67,2330.0,1.23,20275.0,2.62
090470,제이스로보틱스,벤처기업부,4305.0,,-1501.0,0.57,7499.0,1.16
023440,제이스코홀딩스,관리종목(소속부없음),521.0,,-394.0,0.92,569.0,
137950,제이씨케미칼,우량기업부,3105.0,,-15.0,0.47,6640.0,1.61
033320,제이씨현시스템,벤처기업부,2930.0,7.24,408.0,0.47,6223.0,1.69
417500,제이아이테크,우량기업부,3160.0,12.86,250.0,1.33,2426.0,3.11
348950,제이알글로벌리츠,,1182.0,5.52,214.0,0.2,5993.0,
204270,제이앤티씨,중견기업부,14550.0,,-1417.0,3.5,4220.0,
127120,제이에스링크,벤처기업부,39150.0,,-525.0,15.61,2591.0,
194370,제이에스코퍼레이션,,13570.0,5.02,2659.0,0.72,18594.0,4.49
026040,제이에스티나,중견기업부,1723.0,40.7,44.0,0.63,2865.0,5.58
452160,제이엔비,중견기업부,3240.0,,-200.0,0.82,3924.0,3.1
126880,제이엔케이글로벌,우량기업부,2665.0,14.59,183.0,0.4,6656.0,1.87
322510,제이엘케이,기술성장기업부,5450.0,,-556.0,3.63,1503.0,
254160,제이엠멀티,일반기업부,3200.0,,,,,
033050,제이엠아이,중견기업부,936.0,6.72,136.0,0.48,1898.0,
094970,제이엠티,벤처기업부,3100.0,2.66,1185.0,0.34,9185.0,1.91
418550,제이오,기술성장기업부,4410.0,,-257.0,0.79,5696.0,
060230,제이케이시냅스,중견기업부,1417.0,,-2105.0,0.23,6535.0,
420570,제이투케이바이오,벤처기업부,10330.0,15.2,689.0,1.81,5798.0,2.39
089790,제이티,벤처기업부,3930.0,11.22,358.0,0.55,7266.0,
0010V0,제이피아이헬스케어,벤처기업부,9490.0,8.29,1149.0,0.76,12547.0,2.62
030000,제일기획,,19170.0,10.5,1803.0,1.26,15034.0,6.5
271980,제일약품,,10130.0,7.34,1391.0,0.7,14503.0,
412540,제일엠앤에스,관리종목(소속부없음),3935.0,,-2035.0,,,
001560,제일연마,,8610.0,5.82,1494.0,0.54,16107.0,8.29
199820,제일일렉트릭,우량기업부,7350.0,23.84,318.0,1.07,7103.0,1.32
038010,제일테크노스,우량기업부,5330.0,4.09,1323.0,0.31,17309.0,2.22
002620,제일파마홀딩스,,7600.0,8.92,841.0,0.36,20807.0,0.93
080220,제주반도체,우량기업부,75400.0,24.57,3288.0,8.92,9059.0,
006220,제주은행,,9200.0,22.65,407.0,0.54,16987.0,1.09
089590,제주항공,,4405.0,,-831.0,1.22,3602.0,
216080,제테마,벤처기업부,4350.0,,-141.0,2.26,1947.0,
337930,젝시믹스,우량기업부,2975.0,7.47,398.0,0.76,3914.0,6.72
229000,젠큐릭스,기술성장기업부,1650.0,,-435.0,2.81,597.0,
082270,젬백스,벤처기업부,11970.0,,-93.0,6.43,1837.0,
153890,져스텍,기술성장기업부,8750.0,,-147.0,9.11,996.0,
004910,조광페인트,,3715.0,,-1253.0,0.18,20085.0,5.44
004700,조광피혁,,63900.0,36.11,1775.0,0.39,163935.0,
001550,조비,,9900.0,11.86,843.0,0.89,11245.0,
462520,조선내화,,13810.0,25.7,535.0,0.69,19853.0,7.27
120030,조선선재,,85000.0,10.11,8396.0,0.47,180386.0,0.59
034940,조아제약,중견기업부,550.0,,-153.0,0.68,808.0,
067000,조이시티,중견기업부,1164.0,,-143.0,0.93,1247.0,
309930,조이웍스앤코,중견기업부,927.0,,-837.0,0.8,1151.0,
018470,조일알미늄,,1015.0,13.63,75.0,0.59,1734.0,
002600,조흥,,136700.0,12.63,10825.0,0.56,242935.0,4.39
018700,졸스,투자주의환기종목(소속부없음),1410.0,,-483.0,0.6,2334.0,
185750,종근당,,70500.0,12.28,5691.0,0.9,77891.0,0.72
063160,종근당바이오,,13770.0,,-1060.0,0.61,22785.0,
001630,종근당홀딩스,,40000.0,4.25,9457.0,0.3,136062.0,3.49
033340,좋은사람들,중견기업부,307.0,,-133.0,0.54,577.0,
036930,주성엔지니어링,우량기업부,127800.0,970.83,144.0,10.89,12842.0,0.04
109070,주성코퍼레이션,,1460.0,38.42,38.0,2.55,572.0,
044380,주연테크,,785.0,,-54.0,0.27,2978.0,
072020,중앙백신,벤처기업부,9290.0,12.02,768.0,0.8,11539.0,2.17
000440,중앙에너비스,중견기업부,12050.0,,-171.0,1.05,11342.0,2.97
051980,중앙첨단소재,중견기업부,1011.0,,-34.0,1.1,937.0,
221800,지구홀딩스,투자주의환기종목(소속부없음),3880.0,,-133.0,1.22,3332.0,2.47
228760,지노믹트리,기술성장기업부,12700.0,,-328.0,2.61,5022.0,
314130,지놈앤컴퍼니,기술성장기업부,3630.0,,-142.0,1.58,2363.0,
013890,지누스,,8100.0,,-2695.0,0.27,29736.0,1.12
389030,지니너스,기술성장기업부,2170.0,,-509.0,3.24,698.0,
263860,지니언스,벤처기업부,14900.0,16.5,953.0,2.21,7118.0,1.91
303030,지니틱스,벤처기업부,1903.0,,-1379.0,1.18,1585.0,
208350,지란지교시큐리티,벤처기업부,2655.0,14.12,188.0,0.41,6483.0,
446840,지슨,기술성장기업부,3280.0,,-981.0,6.03,547.0,
144510,지씨셀,중견기업부,14630.0,,-16327.0,1.21,12178.0,
340450,지씨지놈,기술성장기업부,5230.0,26.03,199.0,1.55,3344.0,
306620,지아이에스,벤처기업부,1581.0,,-72.0,1.55,1044.0,
358570,지아이이노베이션,기술성장기업부,8550.0,,-546.0,5.21,1678.0,
382480,지아이텍,벤처기업부,1825.0,21.58,85.0,0.83,2198.0,0.6
382800,지앤비에스 에코,우량기업부,4530.0,9.46,478.0,1.16,3898.0,2.66
299480,지앤이헬스케어,일반기업부,691.0,,,,,
051160,지어소프트,중견기업부,11220.0,12.06,873.0,0.94,11162.0,
053050,지에스이,우량기업부,1712.0,15.64,110.0,0.51,3351.0,2.33
076340,지에이이노더스,일반기업부,4280.0,,,,,4.67
388610,지에프씨생명과학,기술성장기업부,6110.0,41.52,145.0,1.29,4653.0,
493330,지에프아이,벤처기업부,10340.0,,-238.0,1.27,8177.0,
119850,지엔씨에너지,우량기업부,52300.0,21.14,2384.0,3.54,14228.0,0.3
065060,지엔코,중견기업부,3465.0,,-2418.0,0.42,8295.0,
204840,지엘팜텍,기술성장기업부,814.0,,-2.0,3.19,255.0,
013870,지엠비코리아,,3930.0,4.7,841.0,0.26,15413.0,6.33
071320,지역난방공사,,64500.0,2.31,27785.0,0.3,211380.0,9.58
311320,지오엘리먼트,기술성장기업부,6670.0,16.29,426.0,1.46,4755.0,0.87
456160,지투지바이오,기술성장기업부,37200.0,,-961.0,4.6,8313.0,
388050,지투파워,우량기업부,7600.0,18.65,414.0,3.43,2253.0,1.3
088790,진도,,2355.0,4.26,546.0,0.26,9114.0,6.45
018120,진로발효,우량기업부,16670.0,10.02,1677.0,1.29,13016.0,7.44
109820,진매트릭스,기술성장기업부,1485.0,,-62.0,1.72,864.0,
086060,진바이오텍,중견기업부,4835.0,11.47,417.0,0.75,6399.0,1.05
036890,진성티이씨,우량기업부,14390.0,7.92,1797.0,0.92,15399.0,2.32
363250,진시스템,기술성장기업부,4700.0,,-1645.0,3.52,1262.0,
003780,진양산업,,3815.0,7.35,523.0,0.77,4995.0,9.31
007370,진양제약,우량기업부,3925.0,2.4,1652.0,0.35,11318.0,3.79
010640,진양폴리,,1660.0,15.59,107.0,0.63,2634.0,7.54
100250,진양홀딩스,,3045.0,4.86,623.0,0.49,6158.0,6.36
051630,진양화학,,1049.0,10.1,104.0,0.56,1872.0,
272450,진에어,,5380.0,,-647.0,1.13,4773.0,
285800,진영,벤처기업부,778.0,,-140.0,0.41,1955.0,
011000,진원생명과학,,0.0,,-2666.0,0.94,2847.0,
250030,진코스텍,일반기업부,23550.0,,,,,
002780,진흥기업,,788.0,,-152.0,0.47,1708.0,
002787,진흥기업2우B,,2935.0,,-152.0,1.72,1708.0,
002785,진흥기업우B,,1318.0,,-152.0,0.77,1708.0,
233990,질경이,일반기업부,1500.0,,,,,
025620,차AI헬스케어,,4710.0,,-83.0,1.21,3887.0,
085660,차바이오텍,중견기업부,9300.0,,-945.0,1.7,5534.0,
351870,차이커뮤니케이션,중견기업부,1670.0,168.7,10.0,0.36,4731.0,
009310,참엔지니어링,,0.0,,-1065.0,0.28,18986.0,
094850,참좋은여행,우량기업부,4175.0,4.43,932.0,0.55,7444.0,3.63
004650,창해에탄올,우량기업부,9310.0,6.52,1435.0,0.5,18631.0,6.42
0011T0,채비,기술성장기업부,4735.0,,-899.0,3.18,1540.0,
278280,천보,중견기업부,35400.0,,-6381.0,0.97,36471.0,
000650,천일고속,,145700.0,,-3764.0,27.83,5400.0,
362320,청담글로벌,중견기업부,4950.0,17.99,273.0,0.97,5050.0,
013720,청보,중견기업부,2345.0,,-976.0,0.48,4767.0,
066360,체리부로,우량기업부,670.0,1.32,507.0,0.32,2098.0,
033250,체시스,,4115.0,4.21,952.0,0.54,7429.0,
047820,초록뱀미디어,중견기업부,3240.0,297.27,11.0,0.3,10993.0,
094360,칩스앤미디어,벤처기업부,10040.0,27.63,372.0,2.52,4079.0,1.13
0082N0,카나프테라퓨틱스,기술성장기업부,14130.0,,-3620.0,3.86,3781.0,
016920,카스,중견기업부,1030.0,,-92.0,0.36,2865.0,0.96
284620,카이노스메드,투자주의환기종목(소속부없음),1087.0,,-209.0,,,
035720,카카오,,39900.0,35.1,1111.0,1.5,26079.0,0.19
293490,카카오게임즈,중견기업부,8330.0,,-1243.0,0.64,12719.0,
323410,카카오뱅크,,22000.0,19.62,1111.0,1.57,13899.0,2.11
377300,카카오페이,,42000.0,95.19,447.0,2.98,14279.0,
140430,카티스,중견기업부,1812.0,,-58.0,0.5,3674.0,
042000,카페24,우량기업부,17700.0,10.68,1656.0,1.63,10855.0,
006380,카프로,,0.0,,-179.0,8.8,416.0,
313760,캐리,관리종목(소속부없음),468.0,,-775.0,0.26,1822.0,
071850,캐스텍코리아,투자주의환기종목(소속부없음),1399.0,,-717.0,0.56,2481.0,
198080,캐프,우량기업부,2380.0,2.55,939.0,0.36,6603.0,
210120,캔버스엔,중견기업부,930.0,,-365.0,2.42,385.0,
050110,캠시스,중견기업부,999.0,,-1055.0,0.23,4437.0,
452300,캡스톤파트너스,중견기업부,2155.0,12.84,169.0,0.9,2422.0,1.34
451760,컨텍,기술성장기업부,7430.0,,-150.0,1.26,6209.0,
900310,컬러레이,외국기업(소속부없음),2010.0,,-38.0,0.09,23415.0,
078340,컴투스,중견기업부,33650.0,22.53,1478.0,0.39,84820.0,3.9
063080,컴투스홀딩스,중견기업부,12760.0,18.65,684.0,0.37,34109.0,
307930,컴퍼니케이,중견기업부,6210.0,9.75,645.0,1.17,5363.0,2.54
079190,케스피온,벤처기업부,1215.0,,-248.0,0.75,1593.0,
263700,케어랩스,중견기업부,1807.0,,-350.0,0.52,3510.0,
214370,케어젠,벤처기업부,66000.0,151.26,435.0,15.0,4388.0,0.66
221980,케이디켐,우량기업부,9410.0,13.17,710.0,0.34,27174.0,5.35
038530,케이바이오랩스,중견기업부,1041.0,,-101.0,0.45,2330.0,
279570,케이뱅크,,5590.0,16.15,343.0,0.93,5968.0,
001620,케이비아이동국실업,,2130.0,1.13,1887.0,0.17,12637.0,
192250,케이사인,벤처기업부,7500.0,15.92,480.0,0.58,13166.0,2.62
431190,케이쓰리아이,기술성장기업부,2500.0,,-522.0,0.58,4464.0,
029460,케이씨,,31400.0,9.66,3318.0,0.37,85846.0,1.34
115500,케이씨에스,중견기업부,8340.0,39.73,220.0,5.87,1490.0,2.06
281820,케이씨텍,,59300.0,17.0,3730.0,2.26,28032.0,0.71
089150,케이씨티,벤처기업부,1850.0,11.64,162.0,0.94,2017.0,4.24
025880,케이씨피드,우량기업부,2555.0,4.06,631.0,0.51,5057.0,6.43
093320,케이아이엔엑스,우량기업부,133600.0,31.65,4348.0,3.22,42737.0,0.44
093640,케이알엠,벤처기업부,4050.0,,-407.0,1.95,2119.0,
073010,케이에스피,우량기업부,2645.0,15.46,175.0,1.28,2116.0,0.74
105330,케이엔더블유,중견기업부,6680.0,,-366.0,0.87,7587.0,
053080,케이엔솔,중견기업부,8410.0,,-4522.0,0.9,9667.0,
199430,케이엔알시스템,기술성장기업부,14000.0,,-804.0,6.21,2264.0,
432470,케이엔에스,벤처기업부,8120.0,,-151.0,1.27,6529.0,
272110,케이엔제이,우량기업부,28150.0,8.69,3407.0,2.24,13213.0,
039420,케이엘넷,중견기업부,2795.0,7.53,373.0,0.86,3258.0,3.56
083550,케이엠,중견기업부,2840.0,7.54,390.0,0.28,10333.0,1.63
032500,케이엠더블유,중견기업부,16560.0,,-651.0,5.06,3358.0,
225430,케이엠제약,관리종목(소속부없음),1787.0,,-713.0,0.36,4918.0,
102370,케이옥션,기술성장기업부,3205.0,,-158.0,0.79,4048.0,
068100,케이웨더,기술성장기업부,2280.0,,-70.0,1.5,1517.0,
106080,케이이엠텍,관리종목(소속부없음),0.0,,-2502.0,0.36,4615.0,
455180,케이지에이,벤처기업부,1744.0,,-869.0,0.6,2905.0,
381970,케이카,,7750.0,8.05,960.0,1.71,4524.0,15.52
145270,케이탑리츠,,815.0,6.1,134.0,0.37,2204.0,6.11
036030,케이티알파,우량기업부,4700.0,5.2,903.0,0.77,6115.0,5.96
064820,케이프,우량기업부,8580.0,3.46,2540.0,0.88,10010.0,7.97
024880,케이피에프,우량기업부,3825.0,4.28,897.0,0.29,13309.0,5.03
042040,케이피엠테크,중견기업부,5590.0,,-6204.0,0.21,25322.0,
054410,케이피티유,중견기업부,3515.0,6.69,527.0,0.34,10267.0,
288180,케이피항공산업,중견기업부,7420.0,36.48,210.0,3.21,2390.0,
258610,케일럼,중견기업부,1060.0,,-50.0,0.88,1281.0,
274090,켄코아에어로스페이스,기술성장기업부,10250.0,,-1071.0,0.88,12520.0,
402420,켈스,일반기업부,1650.0,,,,,
089010,켐트로닉스,우량기업부,21150.0,72.13,305.0,1.65,13297.0,1.0
220260,켐트로스,벤처기업부,3620.0,,-139.0,1.21,3033.0,
176590,코나솔,일반기업부,1512.0,,,,,
052400,코나아이,우량기업부,41400.0,6.86,6109.0,2.27,18430.0,2.86
402030,코난테크놀로지,기술성장기업부,15050.0,,-867.0,7.76,1984.0,
391710,코닉오토메이션,벤처기업부,1287.0,,-35.0,2.33,577.0,
046070,코다코,관리종목(소속부없음),0.0,,-141.0,14.2,724.0,
047770,코데즈컴바인,중견기업부,2680.0,24.95,107.0,1.42,1883.0,
080530,코디,중견기업부,2335.0,5.3,437.0,0.43,5389.0,
417310,코람코더원리츠,,10970.0,146.27,75.0,2.25,4867.0,3.25
357120,코람코라이프인프라리츠,,4270.0,23.75,180.0,0.89,4815.0,7.65
104540,코렌텍,기술성장기업부,4230.0,12.06,345.0,0.7,5934.0,
027050,코리아나,중견기업부,1490.0,,-181.0,0.57,2629.0,
007815,코리아써우,,15280.0,5.88,2602.0,0.86,17829.0,0.69
007810,코리아써키트,,55700.0,22.87,2602.0,3.34,17829.0,0.17
00781K,코리아써키트2우B,,12620.0,4.85,2602.0,0.71,17829.0,0.83
190650,코리아에셋투자증권,우량기업부,6710.0,7.35,918.0,0.43,15636.0,8.15
123410,코리아에프티,우량기업부,5790.0,3.87,1498.0,0.59,9737.0,3.45
003690,코리안리,,14530.0,6.34,2267.0,0.67,21488.0,3.96
036690,코맥스,관리종목(소속부없음),2885.0,,-503.0,3.81,758.0,
049430,코메론,우량기업부,21200.0,8.09,2571.0,0.74,28160.0,3.37
183300,코미코,우량기업부,54400.0,23.09,2356.0,3.92,13862.0,1.31
041960,코미팜,벤처기업부,8320.0,,-88.0,8.75,985.0,
089890,코세스,우량기업부,21150.0,28.73,750.0,3.99,5404.0,
360350,코셈,기술성장기업부,6300.0,,-224.0,1.98,3246.0,
189350,코셋,일반기업부,1982.0,,,,,
082660,코스나인,관리종목(소속부없음),480.0,,-210.0,10.21,47.0,
043710,코스리거글로벌,중견기업부,3485.0,,-609.0,1.88,1883.0,
192820,코스맥스,,205500.0,14.61,13790.0,3.9,51613.0,1.64
044820,코스맥스비티아이,,23100.0,5.45,4443.0,0.79,30508.0,3.22
222040,코스맥스엔비티,중견기업부,8630.0,,-177.0,3.33,2962.0,
241710,코스메카코리아,우량기업부,95900.0,18.26,5159.0,3.96,23795.0,0.39
439960,코스모로보틱스,기술성장기업부,17130.0,,-843.0,38.54,444.0,
005070,코스모신소재,,36550.0,,-185.0,2.27,16215.0,
005420,코스모화학,,10310.0,,-671.0,1.71,6035.0,
355150,코스텍시스,벤처기업부,20400.0,230.0,95.0,5.96,3668.0,
169670,코스텍시스템,일반기업부,4000.0,,,,,
071950,코아스,,1858.0,,-3824.0,0.62,2903.0,
166480,코아스템켐온,벤처기업부,2090.0,,-729.0,2.18,1005.0,
045970,코아시아,중견기업부,2625.0,,-419.0,0.83,3382.0,
196450,코아시아씨엠,중견기업부,959.0,10.48,91.0,0.67,1431.0,
384470,코어라인소프트,기술성장기업부,2705.0,,-794.0,2.94,904.0,
002020,코오롱,,25750.0,,-9331.0,0.18,141633.0,2.12
003070,코오롱글로벌,,8950.0,,-6608.0,0.33,27252.0,4.44
003075,코오롱글로벌우,,13130.0,,-6608.0,0.48,27252.0,3.43
102940,코오롱생명과학,중견기업부,15600.0,5.67,2799.0,0.27,59900.0,
002025,코오롱우,,13890.0,,-9331.0,0.1,141633.0,4.31
120110,코오롱인더,,58600.0,18.19,3177.0,0.42,136826.0,2.25
120115,코오롱인더우,,25400.0,8.06,3177.0,0.19,136826.0,5.27
950160,코오롱티슈진,외국기업(소속부없음),17660.0,,-3467.0,12.25,1484.0,
021240,코웨이,,95700.0,9.88,9201.0,1.73,52568.0,2.15
056360,코위버,벤처기업부,5730.0,16.03,380.0,0.36,17095.0,0.82
282880,코윈테크,우량기업부,9530.0,21.17,462.0,0.64,15223.0,2.01
121850,코이즈,관리종목(소속부없음),1160.0,,-2208.0,0.79,1470.0,
448710,코츠테크놀로지,벤처기업부,11250.0,8.5,1365.0,0.97,12020.0,1.29
126730,코칩,벤처기업부,14690.0,28.95,523.0,2.18,6959.0,2.64
015710,코콤,우량기업부,2740.0,14.21,197.0,0.38,7454.0,5.36
052330,코텍,우량기업부,12430.0,6.16,2005.0,0.42,29464.0,2.43
322780,코퍼스코리아,중견기업부,1946.0,,-1521.0,0.65,2949.0,
036420,콘텐트리중앙,,1627.0,,-4374.0,0.28,5796.0,
215380,콜마바이오텍,벤처기업부,2335.0,,-218.0,1.66,1390.0,
200130,콜마비앤에이치,우량기업부,8840.0,,-60.0,0.68,13279.0,0.83
024720,콜마홀딩스,,9730.0,6.54,1484.0,0.52,18523.0,2.78
294570,쿠콘,우량기업부,19520.0,8.25,2377.0,1.11,17674.0,1.53
192400,쿠쿠홀딩스,,26650.0,6.23,4264.0,0.62,42494.0,5.84
284740,쿠쿠홈시스,,21650.0,3.9,5514.0,0.44,49208.0,5.58
464490,쿼드메디슨,기술성장기업부,6150.0,,-801.0,2.54,2342.0,
317690,퀀타매트릭스,기술성장기업부,2075.0,,-1038.0,1.24,1783.0,
070300,퀀텀레일,벤처기업부,1629.0,,-278.0,1.42,1162.0,
432720,퀄리타스반도체,기술성장기업부,7960.0,,-1597.0,3.7,2276.0,
456190,큐라켐,일반기업부,7210.0,,,,,
365270,큐라클,기술성장기업부,9900.0,,-913.0,5.71,1898.0,
348080,큐라티스,중견기업부,3705.0,,-3492.0,0.9,3922.0,
060280,큐렉소,중견기업부,8780.0,172.88,52.0,3.77,2382.0,
372320,큐로셀,기술성장기업부,26950.0,,-3336.0,16.55,1628.0,
051780,큐로홀딩스,중견기업부,2935.0,,-1700.0,0.6,4885.0,
115180,큐리언트,벤처기업부,22900.0,,-871.0,34.99,736.0,
494120,큐리오시스,기술성장기업부,11460.0,,-550.0,6.8,1620.0,
445680,큐리옥스바이오시스템즈,기술성장기업부,41200.0,,-1563.0,13.87,3021.0,
182360,큐브엔터,우량기업부,5820.0,,-253.0,0.54,10989.0,
405100,큐알티,중견기업부,10520.0,25.19,428.0,1.47,7351.0,4.45
066310,큐에스아이,벤처기업부,7130.0,14.91,493.0,0.75,9858.0,1.36
377460,큐에이드,관리종목(소속부없음),0.0,16.32,250.0,4.58,890.0,
136660,큐엠씨,일반기업부,1849.0,,,,,
016600,큐캐피탈,중견기업부,2265.0,14.46,157.0,0.23,9949.0,
355390,크라우드웍스,기술성장기업부,2000.0,,-1623.0,1.37,1432.0,
264900,크라운제과,,8160.0,10.11,809.0,0.46,17774.0,3.42
26490K,크라운제과우,,7780.0,9.6,809.0,0.44,17774.0,3.63
005740,크라운해태홀딩스,,5790.0,5.24,1102.0,0.24,23799.0,2.25
005745,크라운해태홀딩스우,,5280.0,4.79,1102.0,0.22,23799.0,2.56
259960,크래프톤,,241500.0,12.98,18485.0,1.44,166997.0,0.93
096240,크레버스,우량기업부,8500.0,14.41,590.0,1.42,5967.0,9.41
040350,크레오에스지,벤처기업부,7330.0,,-382.0,2.89,2388.0,
215570,크로넥스,일반기업부,747.0,,,,,
110790,크리스에프앤씨,우량기업부,3050.0,,-472.0,0.16,19144.0,6.49
900250,크리스탈신소재,외국기업(소속부없음),1069.0,,-120.0,0.07,14879.0,
045520,크린앤사이언스,중견기업부,2935.0,,-465.0,0.98,2942.0,
214150,클래시스,우량기업부,45900.0,22.0,2073.0,5.69,8009.0,2.19
466100,클로봇,기술성장기업부,31800.0,,-56.0,13.75,2334.0,
237880,클리오,우량기업부,11190.0,11.35,975.0,0.79,14057.0,2.26
139670,키네마스터,중견기업부,1604.0,5.37,298.0,0.81,1978.0,
020120,키다리스튜디오,,3695.0,12.31,296.0,0.65,5631.0,
475430,키스트론,중견기업부,4190.0,7.18,592.0,0.39,10768.0,1.18
487720,키움제10호스팩,SPAC(소속부없음),2005.0,57.29,35.0,1.01,1977.0,
489480,키움제11호스팩,SPAC(소속부없음),2025.0,61.36,33.0,1.13,1790.0,
039490,키움증권,,277500.0,5.77,49724.0,1.09,263774.0,4.01
466690,키움히어로제1호스팩,SPAC(소속부없음),2000.0,333.33,6.0,1.05,1898.0,
0131D0,키움히어로제2호스팩,SPAC(소속부없음),1964.0,,-290.0,1.19,1642.0,
054780,키이스트,중견기업부,1315.0,,-135.0,0.68,1917.0,
256940,킵스파마,벤처기업부,6140.0,,-120.0,1.87,3319.0,
336040,타스컴,일반기업부,2700.0,,,,,
219130,타이거일렉,벤처기업부,72400.0,64.88,1159.0,7.76,9694.0,
346010,타이드,일반기업부,1000.0,,,,,
318660,타임기술,일반기업부,3750.0,,,,,
476710,타조이엔터테인먼트,일반기업부,17500.0,,,,,
434190,탈로스,일반기업부,2295.0,,,,,
336680,탑런토탈솔루션,중견기업부,2560.0,,-28.0,0.53,4808.0,2.96
360070,탑머티리얼,중견기업부,9040.0,,-3714.0,0.65,13571.0,
180060,탑선,일반기업부,5150.0,,,,,
065130,탑엔지니어링,중견기업부,2810.0,,-1280.0,0.26,10935.0,
134580,탑코미디어,중견기업부,1339.0,,-13.0,2.04,667.0,
014580,태경비케이,,4075.0,4.16,991.0,0.47,8743.0,3.64
015890,태경산업,,4695.0,6.77,697.0,0.44,10782.0,5.3
006890,태경케미컬,,5730.0,8.01,710.0,0.38,14797.0,3.16
023160,태광,우량기업부,23150.0,7.76,3054.0,0.95,24994.0,2.26
003240,태광산업,,919000.0,30.78,30640.0,0.2,4756789.0,0.19
011280,태림포장,,1756.0,,-147.0,0.4,4319.0,
323280,태성,중견기업부,38950.0,,-57.0,10.49,4195.0,
053620,태양,우량기업부,6620.0,3.16,2097.0,0.26,25082.0,6.03
052960,태양3C,일반기업부,3570.0,,,,,0.7
004100,태양금속,,2410.0,25.0,97.0,0.57,4256.0,0.41
004105,태양금속우,,2775.0,29.18,97.0,0.66,4256.0,0.53
116100,태양기계,일반기업부,646.0,,,,,
009410,태영건설,,1621.0,4.7,347.0,0.79,2059.0,
009415,태영건설우,,6600.0,19.54,347.0,3.29,2059.0,
044490,태웅,우량기업부,31000.0,76.47,408.0,1.02,30668.0,
124560,태웅로직스,우량기업부,1795.0,,-150.0,0.24,7518.0,7.19
001420,태원물산,,2505.0,,-401.0,0.47,5416.0,7.81
191420,테고사이언스,벤처기업부,6650.0,,-1031.0,1.11,6058.0,
950250,테라뷰,기술성장기업부,2360.0,,-285.0,2.39,1010.0,
073640,테라사이언스,관리종목(소속부없음),654.0,,-128.0,2.48,264.0,
066700,테라젠이텍스,중견기업부,2145.0,8.24,262.0,0.6,3590.0,
095610,테스,우량기업부,124600.0,42.09,3344.0,6.09,23121.0,0.6
055490,테이팩스,,13540.0,12.55,1079.0,0.41,32884.0,1.48
064520,테크엘,중견기업부,1494.0,,-201.0,0.37,4202.0,
089030,테크윙,중견기업부,43600.0,371.14,123.0,7.99,5714.0,0.29
258050,테크트랜스,일반기업부,449.0,,,,,
054450,텔레칩스,중견기업부,9330.0,,-3777.0,0.98,9754.0,
078000,텔코웨어,,12760.0,9.43,1353.0,0.58,22078.0,5.02
200230,텔콘RF제약,중견기업부,2235.0,,-1468.0,0.17,14191.0,
214420,토니모리,,5600.0,10.55,524.0,1.1,5017.0,0.9
393210,토마토시스템,기술성장기업부,2335.0,,-3.0,1.39,1775.0,
475960,토모큐브,기술성장기업부,37000.0,,-255.0,13.4,2836.0,
215480,토박스코리아,중견기업부,2090.0,,-20.0,0.59,3670.0,
051360,토비스,우량기업부,12460.0,3.93,3179.0,0.65,19288.0,2.8
045340,토탈소프트,벤처기업부,6590.0,6.02,1141.0,1.55,4440.0,1.46
108230,톱텍,우량기업부,3120.0,,-79.0,0.29,10793.0,3.15
079970,투비소프트,관리종목(소속부없음),596.0,4.03,148.0,0.34,1755.0,
199800,툴젠,기술성장기업부,37700.0,,-4189.0,6.44,5914.0,
417790,트루엔,벤처기업부,5890.0,5.7,1043.0,0.57,10433.0,3.37
091810,트리니티항공,,626.0,,-1074.0,2.4,261.0,
290090,트윔,벤처기업부,4205.0,,-339.0,0.47,8956.0,
026150,특수건설,중견기업부,3760.0,,-1962.0,0.75,5014.0,0.77
464280,티디에스팜,중견기업부,5350.0,5.84,914.0,0.64,8307.0,
117730,티로보틱스,벤처기업부,14460.0,,-1918.0,5.57,2587.0,
033830,티비씨,중견기업부,1590.0,9.93,160.0,0.23,6886.0,4.41
057680,티사이언티픽,벤처기업부,1655.0,20.36,83.0,0.14,11882.0,
204610,티쓰리,벤처기업부,3440.0,11.34,298.0,1.85,1830.0,4.14
125020,티씨머티리얼즈,중견기업부,5220.0,40.3,135.0,2.3,2361.0,
064760,티씨케이,우량기업부,167300.0,28.83,6545.0,3.99,47237.0,0.76
246710,티앤알바이오팹,기술성장기업부,2480.0,,-819.0,5.46,450.0,
340570,티앤엘,우량기업부,33100.0,13.13,2406.0,2.45,12892.0,2.4
043220,티에스넥스젠,관리종목(소속부없음),0.0,,-2008.0,1.56,1093.0,
277880,티에스아이,우량기업부,3125.0,7.01,453.0,0.58,5437.0,
131290,티에스이,우량기업부,207000.0,34.16,6513.0,5.78,38496.0,0.2
019180,티에이치엔,,6070.0,1.37,4507.0,0.45,13729.0,1.94
425420,티에프이,우량기업부,30400.0,19.32,1625.0,3.01,10417.0,
484810,티엑스알로보틱스,벤처기업부,15780.0,,-998.0,4.48,3495.0,
131100,티엔엔터테인먼트,중견기업부,450.0,,-99.0,0.22,2018.0,
356860,티엘비,우량기업부,28100.0,23.71,1244.0,4.71,6263.0,0.7
413300,티엘엔지니어링,일반기업부,2200.0,,,,,
217590,티엠씨,,13330.0,,-60.0,2.92,4682.0,0.37
363280,티와이홀딩스,,1848.0,,-1829.0,0.09,19630.0,
36328K,티와이홀딩스우,,2435.0,,-1829.0,0.12,19630.0,
321550,티움바이오,기술성장기업부,4695.0,,-492.0,4.02,1169.0,
004870,티웨이홀딩스,,1135.0,,-3450.0,0.45,2552.0,
425040,티이엠씨,우량기업부,9170.0,13.59,693.0,1.0,9407.0,1.59
241790,티이엠씨씨엔에스,우량기업부,4910.0,26.79,187.0,0.42,11797.0,1.4
022220,티케이지애강,중견기업부,660.0,,-243.0,0.4,1623.0,
104480,티케이케미칼,중견기업부,1625.0,2.17,753.0,0.12,14066.0,
081150,티플랙스,중견기업부,2665.0,16.33,166.0,0.38,7052.0,1.85
130740,티피씨글로벌,중견기업부,1940.0,1.18,1668.0,0.27,7161.0,
217880,틸론,일반기업부,965.0,,,,,
084730,팅크웨어,중견기업부,6500.0,,-2148.0,0.43,15457.0,
440110,파두,기술성장기업부,57100.0,,-1075.0,90.27,668.0,
034230,파라다이스,,10100.0,11.27,865.0,0.49,19751.0,1.54
290560,파라택시스이더리움,벤처기업부,856.0,5.83,163.0,0.65,1467.0,
288330,파라택시스코리아,관리종목(소속부없음),416.0,,-345.0,1.06,392.0,
033540,파라텍,중견기업부,787.0,,-630.0,0.44,1780.0,
388870,파로스아이바이오,기술성장기업부,5510.0,,-768.0,6.11,917.0,
043200,파루,벤처기업부,512.0,,-62.0,0.89,576.0,
214450,파마리서치,우량기업부,378500.0,24.95,15228.0,6.31,60258.0,0.97
217950,파마리서치바이오,일반기업부,31300.0,,,,,
005690,파미셀,,11190.0,15.75,725.0,5.16,2213.0,0.44
177830,파버나인,벤처기업부,2395.0,,-338.0,0.36,6629.0,3.34
037070,파세코,중견기업부,6100.0,39.52,145.0,1.44,3982.0,2.62
150900,파수AI,벤처기업부,3710.0,12.79,290.0,1.22,3050.0,2.7
037030,파워넷,우량기업부,3590.0,7.54,487.0,0.61,6058.0,
047310,파워로직스,우량기업부,3040.0,,-42.0,0.54,5780.0,
368770,파이버프로,벤처기업부,12130.0,33.28,387.0,8.84,1457.0,0.67
170790,파이오링크,우량기업부,8450.0,8.23,1031.0,0.65,13104.0,4.25
900100,파이온엑스,관리종목(소속부없음),2095.0,,-1999.0,0.29,7107.0,
049120,파인디앤씨,벤처기업부,2105.0,,-2160.0,0.45,4827.0,
038950,파인디지털,중견기업부,2890.0,,-38.0,0.26,11220.0,1.72
387570,파인메딕스,기술성장기업부,4880.0,,-317.0,1.43,3372.0,
441270,파인엠텍,벤처기업부,8700.0,,-230.0,2.01,4557.0,
106240,파인테크닉스,벤처기업부,1228.0,,-1211.0,0.39,3099.0,
131760,파인텍,벤처기업부,1774.0,,-873.0,0.57,3201.0,
065690,파커스,투자주의환기종목(소속부없음),1375.0,,-62.0,0.28,4966.0,
140860,파크시스템스,우량기업부,250500.0,72.22,3524.0,7.71,32991.0,0.2
091700,파트론,우량기업부,5640.0,8.73,654.0,0.55,10405.0,5.43
202960,판도라티비,일반기업부,315.0,,,,,
032800,판타지오,중견기업부,1584.0,,-1455.0,0.32,4942.0,
318010,팜스빌,벤처기업부,3660.0,9.71,377.0,0.42,8752.0,5.46
036580,팜스코,,2580.0,3.02,854.0,0.46,5569.0,1.94
027710,팜스토리,우량기업부,1070.0,5.18,207.0,0.43,2466.0,9.33
004720,팜젠사이언스,,3270.0,,-5961.0,0.47,6862.0,
266350,팡스카이,일반기업부,398.0,,,,,
225590,패션플랫폼,우량기업부,3100.0,3.81,803.0,0.2,15670.0,
054300,팬스타엔터프라이즈,벤처기업부,1019.0,,-19.0,0.65,1535.0,
068050,팬엔터테인먼트,중견기업부,1165.0,,-248.0,0.45,2558.0,
028670,팬오션,,6040.0,9.74,606.0,0.52,11335.0,2.54
222110,팬젠,기술성장기업부,4990.0,32.4,154.0,2.2,2273.0,
271830,팸텍,벤처기업부,996.0,,-198.0,0.52,2011.0,
010820,퍼스텍,,6030.0,21.82,292.0,3.76,1696.0,
016800,퍼시스,,26550.0,8.31,3268.0,0.41,66856.0,3.68
263750,펄어비스,우량기업부,35600.0,15.3,2320.0,2.27,15653.0,
251970,펌텍코리아,우량기업부,49500.0,16.36,2955.0,1.99,24311.0,0.93
187660,페니트리움바이오,중견기업부,3870.0,,-246.0,7.65,550.0,
0015S0,페스카로,기술성장기업부,6400.0,17.96,362.0,1.01,6442.0,
001020,페이퍼코리아,,1950.0,,-509.0,0.27,7393.0,
327610,펨토바이오메드,일반기업부,585.0,,,,,
168360,펨트론,벤처기업부,10990.0,,-137.0,8.7,1354.0,0.42
087010,펩트론,기술성장기업부,181800.0,,-713.0,31.47,5850.0,
090080,평화산업,,1019.0,2.46,414.0,0.79,1288.0,
010770,평화홀딩스,,3725.0,1.21,3069.0,0.39,9548.0,4.04
064800,포니링크,중견기업부,1993.0,,-833.0,0.22,8922.0,
119500,포메탈,중견기업부,2500.0,14.36,173.0,0.58,4316.0,2.41
389140,포바이포,벤처기업부,5110.0,,-773.0,1.95,2632.0,
105760,포스뱅크,우량기업부,3975.0,7.79,538.0,0.5,8363.0,
022100,포스코DX,,20750.0,90.53,227.0,5.6,3671.0,0.61
058430,포스코스틸리온,,4555.0,18.98,240.0,0.71,6412.0,2.38
009520,포스코엠텍,중견기업부,11540.0,110.28,106.0,4.19,2788.0,0.09
047050,포스코인터내셔널,,58000.0,14.49,3864.0,1.42,39563.0,3.3
003670,포스코퓨처엠,,155800.0,,-165.0,3.34,46577.0,0.16
189690,포시에스,벤처기업부,1529.0,6.6,236.0,0.51,3049.0,
318020,포인트모바일,벤처기업부,2495.0,4.46,570.0,0.58,4383.0,3.94
256630,포인트엔지니어링,벤처기업부,4330.0,,-634.0,0.77,5703.0,1.14
331380,포커스에이아이,투자주의환기종목(소속부없음),2160.0,,-409.0,2.78,781.0,
208710,포톤,중견기업부,2715.0,,-268.0,0.73,3707.0,
472850,폰드그룹,중견기업부,5260.0,8.02,645.0,1.24,4164.0,3.04
039980,폴라리스AI,중견기업부,6470.0,,-60.0,0.99,6660.0,
041910,폴라리스AI파마,우량기업부,5460.0,8.43,654.0,0.52,10636.0,
220180,폴라리스AI핸디,벤처기업부,1520.0,19.11,79.0,0.44,3396.0,
234100,폴라리스세원,우량기업부,2735.0,23.95,114.0,0.21,13113.0,
041020,폴라리스오피스,벤처기업부,3070.0,26.13,119.0,1.71,1820.0,
114630,폴라리스우노,우량기업부,1557.0,6.4,246.0,0.21,7398.0,
487580,폴레드,벤처기업부,3555.0,8.03,441.0,1.87,1897.0,
290720,푸드나무,중견기업부,2980.0,,-87.0,3.61,826.0,
005670,푸드웰,우량기업부,6420.0,5.49,1191.0,0.58,11319.0,2.45
094940,푸른로보틱스,벤처기업부,6260.0,,-130.0,1.39,4543.0,
007330,푸른저축은행,투자주의환기종목(소속부없음),10290.0,7.25,1415.0,0.38,27313.0,7.51
017810,풀무원,,9230.0,13.24,691.0,1.03,8845.0,1.12
093380,풍강,중견기업부,2665.0,4.9,545.0,0.34,7957.0,3.0
023900,풍국주정,우량기업부,7390.0,9.97,746.0,0.55,13629.0,2.69
103140,풍산,,83600.0,13.03,6552.0,0.99,85955.0,1.99
005810,풍산홀딩스,,37250.0,5.96,6334.0,0.44,86139.0,4.24
371950,풍원정밀,기술성장기업부,4840.0,,-981.0,13.21,380.0,
298060,풍전약품,관리종목(소속부없음),2560.0,,-248.0,0.66,3873.0,
370090,퓨런티어,기술성장기업부,6370.0,,-689.0,1.38,4678.0,
445180,퓨릿,우량기업부,7520.0,7.85,983.0,1.2,6413.0,1.55
341170,퓨쳐메디신,일반기업부,455.0,,,,,
220100,퓨쳐켐,기술성장기업부,8770.0,,-484.0,3.91,2340.0,
035200,프럼파스트,벤처기업부,2535.0,45.26,57.0,0.54,4797.0,3.1
334970,프레스티지바이오로직스,기술성장기업부,1986.0,,-456.0,1.39,1384.0,
950210,프레스티지바이오파마,,6600.0,,-954.0,0.8,7876.0,
321260,프로이천,벤처기업부,1590.0,15.35,108.0,1.06,1557.0,3.62
296160,프로젠,일반기업부,2665.0,,,,,
053610,프로텍,우량기업부,59900.0,11.27,5553.0,1.55,40306.0,0.64
468530,프로티나,기술성장기업부,25900.0,,-1044.0,12.45,2306.0,
303360,프로티아,기술성장기업부,5100.0,13.7,368.0,2.05,2460.0,
377220,프롬바이오,기술성장기업부,2565.0,,-4127.0,3.86,862.0,
335810,프리시젼바이오,기술성장기업부,1373.0,,-531.0,0.7,1968.0,
053160,프리엠스,중견기업부,9290.0,,-103.0,0.63,14596.0,1.41
006490,프리티,,989.0,,-827.0,1.46,646.0,
405000,플라즈맵,벤처기업부,4600.0,,-1666.0,5.18,907.0,
041590,플래스크,관리종목(소속부없음),0.0,52.67,45.0,2.79,848.0,
367000,플래티어,벤처기업부,3140.0,,-469.0,0.81,3860.0,
075130,플랜티넷,벤처기업부,2165.0,37.33,58.0,0.48,4527.0,4.62
222670,플럼라인생명과학,일반기업부,4635.0,,,,,
009810,플레이그램,,1860.0,,-359.0,0.44,4532.0,
237820,플레이디,중견기업부,2520.0,5.61,436.0,0.35,6906.0,7.77
023770,플레이위드,중견기업부,2440.0,,-54.0,1.16,2071.0,
300080,플리토,기술성장기업부,8040.0,21.26,388.0,7.8,1058.0,
033790,피노,중견기업부,5600.0,59.16,95.0,3.56,1578.0,
032580,피델릭스,중견기업부,4820.0,56.3,92.0,3.43,1512.0,
0117P0,피스피스스튜디오,중견기업부,5250.0,5.6,949.0,0.55,9653.0,
051380,피씨디렉트,중견기업부,1710.0,8.46,201.0,0.61,2772.0,4.12
241820,피씨엘,관리종목(소속부없음),0.0,,-16917.0,6.19,976.0,
452450,피아이이,벤처기업부,3105.0,,-607.0,2.13,1497.0,
237750,피앤씨테크,벤처기업부,3815.0,,-2742.0,0.59,6606.0,2.55
460940,피앤에스로보틱스,기술성장기업부,5160.0,30.76,172.0,1.68,3151.0,0.76
319660,피에스케이,우량기업부,118400.0,37.89,3439.0,6.66,19573.0,0.52
031980,피에스케이홀딩스,우량기업부,94000.0,22.59,4458.0,4.26,23659.0,1.07
002230,피에스텍,우량기업부,5200.0,6.6,788.0,0.62,8321.0,4.81
043370,피에이치에이,우량기업부,11080.0,4.72,2353.0,0.25,44249.0,3.6
239890,피엔에이치테크,기술성장기업부,3490.0,14.14,249.0,0.65,5423.0,5.68
347740,피엔케이피부임상연구센타,벤처기업부,1812.0,14.3,127.0,0.65,2800.0,2.75
137400,피엔티,우량기업부,32250.0,9.76,3316.0,1.13,28534.0,0.62
257370,피엔티엠에스,벤처기업부,1967.0,,-714.0,1.24,1605.0,
147760,피엠티,벤처기업부,3045.0,,-1302.0,4.26,766.0,
128660,피제이메탈,우량기업부,2780.0,10.67,260.0,0.96,2886.0,6.13
006140,피제이전자,우량기업부,4860.0,7.5,650.0,0.52,9435.0,4.1
376180,피코그램,벤처기업부,1460.0,7.33,203.0,0.71,2107.0,6.72
304840,피플바이오,벤처기업부,561.0,,-679.0,0.45,1240.0,
087600,픽셀플러스,벤처기업부,3990.0,,-442.0,0.31,12808.0,
291810,핀텔,관리종목(소속부없음),1255.0,,-314.0,0.96,1459.0,
378340,필에너지,중견기업부,10420.0,,-662.0,1.84,5704.0,
161580,필옵틱스,중견기업부,25400.0,,-1071.0,5.8,4561.0,
347770,핌스,중견기업부,938.0,,-292.0,0.46,2049.0,
163730,핑거,벤처기업부,9270.0,,-18.0,1.96,4852.0,1.05
417180,핑거스토리,중견기업부,4210.0,4.87,855.0,0.47,8866.0,
469900,하나31호스팩,SPAC(소속부없음),2080.0,71.62,29.0,1.05,1973.0,
475240,하나32호스팩,SPAC(소속부없음),2075.0,71.38,29.0,1.04,1994.0,
475250,하나33호스팩,SPAC(소속부없음),2060.0,57.22,36.0,1.02,2010.0,
484130,하나34호스팩,SPAC(소속부없음),2015.0,59.26,34.0,1.05,1921.0,
0041L0,하나35호스팩,SPAC(소속부없음),1996.0,142.07,14.0,1.04,1921.0,
0101C0,하나36호스팩,SPAC(소속부없음),1984.0,,-38.0,1.04,1903.0,
086790,하나금융지주,,134700.0,9.02,14513.0,0.78,168253.0,3.14
299030,하나기술,벤처기업부,13950.0,,-951.0,1.15,12119.0,
067310,하나마이크론,중견기업부,30000.0,20.56,1547.0,4.49,7090.0,0.22
166090,하나머티리얼즈,우량기업부,53600.0,22.56,2522.0,2.26,25159.0,0.53
293480,하나제약,,8880.0,10.97,818.0,0.5,18028.0,2.9
039130,하나투어,,31500.0,11.42,2754.0,3.36,9366.0,3.82
136480,하림,우량기업부,2720.0,7.34,369.0,0.89,3058.0,1.48
003380,하림지주,우량기업부,11030.0,4.93,2291.0,0.33,33896.0,1.06
450330,하스,기술성장기업부,4305.0,25.37,174.0,0.81,5435.0,1.36
101670,하이드로리튬,중견기업부,813.0,,-1172.0,1.63,511.0,
365590,하이딥,기술성장기업부,922.0,,-508.0,,,
149980,하이로닉,중견기업부,5340.0,36.76,142.0,1.15,4533.0,
013030,하이록코리아,우량기업부,33250.0,7.42,4487.0,0.86,38898.0,4.05
352820,하이브,,185000.0,,-10817.0,2.34,78051.0,0.27
126700,하이비젼시스템,우량기업부,10600.0,,-1625.0,0.55,19143.0,0.75
071090,하이스틸,,3015.0,,-146.0,0.42,7263.0,
160190,하이젠알앤엠,중견기업부,16470.0,,-254.0,4.7,3575.0,
221840,하이즈항공,중견기업부,1925.0,16.29,119.0,0.85,2274.0,
106190,하이텍팜,우량기업부,11370.0,13.73,849.0,0.96,12115.0,1.29
000080,하이트진로,,15970.0,28.27,554.0,0.98,15944.0,4.47
000087,하이트진로2우B,,12370.0,22.31,554.0,0.78,15944.0,6.07
000140,하이트진로홀딩스,,8260.0,,-202.0,0.32,25752.0,4.24
000145,하이트진로홀딩스우,,9490.0,,-202.0,0.37,25752.0,4.22
065650,하이퍼코퍼레이션,중견기업부,1713.0,,-430.0,0.73,2440.0,
066130,하츠,우량기업부,3540.0,5.36,655.0,0.36,9641.0,3.99
004590,한국가구,중견기업부,5170.0,5.44,957.0,0.39,13260.0,3.94
036460,한국가스공사,,35750.0,10.42,3403.0,0.27,130263.0,3.26
039340,한국경제TV,우량기업부,4815.0,26.77,178.0,0.54,8888.0,3.15
005430,한국공항,,89800.0,6.4,14216.0,0.67,136536.0,1.1
071050,한국금융지주,,188000.0,4.73,40219.0,0.87,218546.0,4.56
071055,한국금융지주우,,147600.0,3.7,40219.0,0.68,218546.0,5.87
034950,한국기업평가,우량기업부,102000.0,18.1,5635.0,4.51,22639.0,7.85
010040,한국내화,,1629.0,,-521.0,0.38,4344.0,
025540,한국단자,,62700.0,5.57,11265.0,0.54,117298.0,5.1
222980,한국맥널티,벤처기업부,2060.0,,-37.0,0.65,3139.0,
010100,한국무브넥스,,3650.0,7.02,526.0,0.27,13609.0,2.71
331660,한국미라클피플사,일반기업부,3900.0,,,,,
256840,한국비엔씨,우량기업부,2600.0,,-48.0,0.8,3332.0,2.63
219750,한국비티비,중견기업부,1703.0,,-450.0,0.98,1730.0,
004090,한국석유,,10670.0,18.39,578.0,0.66,16061.0,1.13
025550,한국선재,중견기업부,2180.0,,-22.0,0.39,5579.0,
002200,한국수출포장,,2430.0,,-225.0,0.3,8002.0,3.35
002960,한국쉘석유,,513000.0,13.32,38435.0,6.04,84777.0,7.03
017890,한국알콜,우량기업부,14090.0,8.96,1570.0,0.52,27053.0,0.78
000240,한국앤컴퍼니,,25850.0,6.92,3755.0,0.5,52442.0,4.23
080720,한국유니온제약,관리종목(소속부없음),2725.0,,-3860.0,,,
123890,한국자산신탁,,2325.0,6.02,387.0,0.26,8803.0,6.44
015760,한국전력,,35600.0,2.62,13567.0,0.45,78291.0,4.33
041460,한국전자인증,중견기업부,3400.0,11.94,284.0,0.95,3562.0,2.83
006200,한국전자홀딩스,,2060.0,,-330.0,0.13,16132.0,4.75
101680,한국정밀기계,중견기업부,2590.0,,-834.0,0.66,3892.0,
039740,한국정보공학,벤처기업부,3200.0,8.07,396.0,0.49,6579.0,
053300,한국정보인증,우량기업부,4505.0,9.82,460.0,0.89,5075.0,4.43
025770,한국정보통신,우량기업부,8050.0,8.22,979.0,0.85,9439.0,3.6
479880,한국제15호스팩,SPAC(소속부없음),2050.0,36.7,56.0,1.02,2010.0,
0164H0,한국제16호스팩,SPAC(소속부없음),1950.0,,,,,
027970,한국제지,,536.0,,-442.0,0.28,1886.0,
023350,한국종합기술,,3915.0,3.04,1280.0,0.23,16592.0,3.86
025890,한국주강,,2470.0,,-33.0,0.82,3047.0,
000970,한국주철관,,6690.0,9.67,693.0,0.41,16540.0,5.97
104700,한국철강,,9540.0,,-450.0,0.41,23535.0,7.79
062970,한국첨단소재,중견기업부,3020.0,,-209.0,2.37,1326.0,
017960,한국카본,,23100.0,12.86,1839.0,2.01,11746.0,1.35
023760,한국캐피탈,우량기업부,670.0,2.07,323.0,0.27,2437.0,5.97
054040,한국컴퓨터,우량기업부,5150.0,3.34,1557.0,0.4,12852.0,5.77
161890,한국콜마,,106700.0,15.31,6651.0,2.57,39667.0,0.85
021650,한국큐빅,중견기업부,2025.0,7.92,257.0,0.34,6048.0,4.91
161390,한국타이어앤테크놀로지,,70500.0,7.69,9009.0,0.66,104279.0,3.32
034830,한국토지신탁,,1133.0,12.72,89.0,0.24,4767.0,6.18
007280,한국특강,,1918.0,29.97,64.0,0.27,7176.0,20.86
032300,한국파마,중견기업부,7750.0,,-227.0,1.24,6320.0,0.64
037230,한국팩키지,우량기업부,1383.0,7.82,179.0,0.38,3711.0,3.57
448900,한국피아이엠,기술성장기업부,64200.0,,-67.0,6.88,9573.0,
047810,한국항공우주,,154200.0,75.31,2029.0,7.99,19121.0,0.33
123690,한국화장품,,6400.0,77.11,83.0,2.86,2234.0,
003350,한국화장품제조,,8590.0,6.5,1309.0,1.39,6133.0,0.71
052600,한네트,중견기업부,3140.0,9.43,334.0,0.94,3339.0,5.71
011500,한농화성,,13030.0,49.92,263.0,1.16,11325.0,0.31
002390,한독,,9500.0,,-219.0,0.46,20493.0,2.12
256150,한독크린텍,벤처기업부,4600.0,12.79,357.0,0.62,7389.0,5.48
092460,한라IMS,우량기업부,17410.0,11.3,1548.0,1.53,11412.0,3.54
125490,한라캐스트,벤처기업부,8420.0,75.48,115.0,2.92,2969.0,
053690,한미글로벌,,17740.0,13.36,1352.0,0.83,21679.0,2.22
042700,한미반도체,,192300.0,108.19,1867.0,30.13,6704.0,0.4
008930,한미사이언스,,44650.0,22.45,1989.0,3.02,14761.0,0.67
128940,한미약품,,392500.0,29.46,13460.0,3.87,102445.0,0.5
452190,한빛레이저,벤처기업부,3610.0,21.67,171.0,2.84,1305.0,
047080,한빛소프트,중견기업부,1025.0,3.39,304.0,1.27,812.0,
009240,한샘,,40850.0,24.34,1670.0,1.67,24275.0,
452280,한선엔지니어링,우량기업부,12460.0,108.62,116.0,2.64,4764.0,
020000,한섬,,16240.0,6.53,2462.0,0.24,67420.0,4.66
003680,한성기업,,6080.0,39.94,156.0,0.51,12251.0,
066980,한성크린텍,벤처기업부,1394.0,,-46.0,1.29,1143.0,
105630,한세실업,,9170.0,8.23,1102.0,0.49,18329.0,6.62
069640,한세엠케이,,1472.0,,-1388.0,2.01,688.0,
016450,한세예스24홀딩스,,4420.0,,-549.0,0.38,11616.0,11.31
009180,한솔로지스틱스,,2750.0,5.12,538.0,0.53,5161.0,7.26
114810,한솔아이원스,우량기업부,9640.0,12.32,810.0,1.28,7810.0,
213500,한솔제지,,7820.0,309.6,25.0,0.26,29210.0,6.46
014680,한솔케미칼,,222500.0,16.69,13418.0,2.21,101156.0,1.16
004710,한솔테크닉스,,7000.0,,-444.0,0.83,8826.0,1.22
004150,한솔홀딩스,,3155.0,26.15,122.0,0.23,13724.0,4.08
025750,한솔홈데코,,1857.0,,-1207.0,0.3,6224.0,
042520,한스바이오메드,벤처기업부,21650.0,,-1807.0,4.25,5204.0,
004960,한신공영,,10540.0,1.82,5925.0,0.15,73311.0,1.39
011700,한신기계,,2460.0,,-68.0,0.96,2634.0,0.79
430690,한싹,벤처기업부,2370.0,,-326.0,0.82,2832.0,
078350,한양디지텍,우량기업부,20000.0,19.86,1070.0,1.67,12722.0,
045100,한양이엔지,우량기업부,30000.0,10.39,3259.0,0.85,39913.0,
001750,한양증권,,19510.0,4.8,4084.0,0.4,49069.0,8.16
001755,한양증권우,,19560.0,4.78,4084.0,0.4,49069.0,8.45
018880,한온시스템,,3625.0,,-130.0,0.95,3866.0,
009420,한올바이오파마,,54100.0,,-97.0,17.33,3197.0,
320000,한울반도체,중견기업부,11390.0,,-2893.0,2.61,4425.0,
091440,한울소재과학,투자주의환기종목(소속부없음),3000.0,,-1012.0,3.16,997.0,
276730,한울앤제주,투자주의환기종목(소속부없음),11470.0,,-7617.0,1.96,5848.0,
014130,한익스프레스,,2525.0,,-1020.0,0.37,6691.0,
024740,한일단조,우량기업부,2095.0,23.67,90.0,0.49,4356.0,
005860,한일사료,우량기업부,2410.0,12.79,190.0,0.59,4128.0,3.09
300720,한일시멘트,,14830.0,14.19,1041.0,0.6,24594.0,6.77
002220,한일철강,,4080.0,,-69.0,0.62,6727.0,0.72
003300,한일홀딩스,,17730.0,15.74,1118.0,0.33,53762.0,5.68
007770,한일화학,중견기업부,6400.0,,-4878.0,0.25,25096.0,
051600,한전KPS,,47250.0,14.91,3165.0,1.62,29102.0,3.5
052690,한전기술,,101900.0,112.41,878.0,6.38,15469.0,1.37
130660,한전산업,,11410.0,104.82,110.0,3.94,2927.0,3.27
198940,한주라이트메탈,중견기업부,1349.0,,-171.0,0.6,2313.0,
058450,한주에이알티,투자주의환기종목(소속부없음),3710.0,,-2426.0,1.02,3647.0,
107640,한중엔시에스,기술성장기업부,34150.0,55.12,625.0,3.24,10638.0,
002320,한진,,15110.0,,-225.0,0.16,92880.0,3.99
003480,한진중공업홀딩스,,4770.0,2.15,2235.0,0.26,18212.0,2.49
180640,한진칼,,118900.0,45.5,2488.0,2.23,50835.0,0.32
18064K,한진칼우,,28850.0,11.29,2488.0,0.55,50835.0,1.37
005110,한창,,1254.0,0.49,2564.0,2.2,569.0,
079170,한창산업,우량기업부,5590.0,4.13,1381.0,0.41,14073.0,3.68
009460,한창제지,,3155.0,,-777.0,0.28,11265.0,
030520,한컴,우량기업부,18480.0,13.49,1388.0,1.22,15306.0,2.14
372910,한컴라이프케어,,1833.0,,-259.0,0.41,4508.0,
054920,한컴위드,중견기업부,3985.0,19.37,207.0,0.69,5845.0,
457370,한켐,중견기업부,7010.0,11.14,639.0,0.95,7471.0,2.81
002680,한탑,중견기업부,1708.0,,-195.0,0.2,8723.0,
098070,한텍,중견기업부,24950.0,7.68,3325.0,1.71,14954.0,1.47
408470,한패스,중견기업부,5310.0,7.73,708.0,0.92,5940.0,
000880,한화,,83800.0,18.15,4618.0,0.6,138948.0,1.31
00088K,한화3우B,,29250.0,6.33,4618.0,0.21,138948.0,3.93
452260,한화갤러리아,,2030.0,58.43,35.0,0.48,4280.0,
45226K,한화갤러리아우,,4135.0,119.0,35.0,0.97,4280.0,
451800,한화리츠,,5190.0,54.23,97.0,1.37,3840.0,5.13
489790,한화비전,,48900.0,74.63,674.0,2.93,17195.0,
088350,한화생명,,4555.0,5.33,852.0,0.23,19978.0,
000370,한화손해보험,,5890.0,3.35,1747.0,0.31,18619.0,
009830,한화솔루션,,33900.0,,-3400.0,0.68,50258.0,
009835,한화솔루션우,,17800.0,,-3400.0,0.36,50258.0,
272210,한화시스템,,70700.0,86.49,844.0,2.76,26439.0,0.69
012450,한화에어로스페이스,,1097000.0,36.37,31839.0,5.98,193563.0,0.6
082740,한화엔진,,42500.0,17.96,2483.0,6.1,7312.0,
042660,한화오션,,89400.0,18.18,4994.0,4.08,22265.0,
003530,한화투자증권,,4385.0,11.63,383.0,0.48,9350.0,
003535,한화투자증권우,,5610.0,14.73,383.0,0.6,9350.0,
498390,한화플러스제5호스팩,SPAC(소속부없음),2035.0,,-13.0,1.02,1992.0,
195870,해성디에스,,52800.0,27.5,2004.0,1.68,32887.0,1.63
034810,해성산업,중견기업부,6360.0,,-1818.0,0.29,22002.0,3.91
03481K,해성산업1우,중견기업부,6070.0,,-1818.0,0.27,22002.0,4.24
059270,해성에어로보틱스,기술성장기업부,5860.0,664.44,9.0,1.7,3526.0,
076610,해성옵틱스,벤처기업부,1059.0,,-3.0,2.7,439.0,
101530,해태제과식품,,5670.0,7.25,772.0,0.48,11638.0,4.46
143210,핸즈코퍼레이션,,1199.0,,-5319.0,0.4,2977.0,
900270,헝셩그룹,외국기업(소속부없음),420.0,,-96.0,0.02,16851.0,
214180,헥토이노베이션,우량기업부,14460.0,6.35,2285.0,0.83,17577.0,3.45
234340,헥토파이낸셜,우량기업부,17400.0,18.5,965.0,1.4,12723.0,1.23
084990,헬릭스미스,기술성장기업부,3400.0,,-7.0,1.14,3056.0,
000720,현대건설,,109900.0,28.24,3792.0,1.32,81251.0,0.75
000725,현대건설우,,51600.0,13.61,3792.0,0.64,81251.0,1.65
170030,현대공업,우량기업부,4850.0,4.85,1009.0,0.44,11050.0,6.14
453340,현대그린푸드,,19550.0,6.48,2966.0,0.83,23250.0,3.52
086280,현대글로비스,,207500.0,9.02,22348.0,1.45,138526.0,2.88
064350,현대로템,,146900.0,20.09,7448.0,5.07,29500.0,0.4
079430,현대리바트,,5910.0,49.17,120.0,0.28,20733.0,2.2
012330,현대모비스,,496500.0,12.77,38292.0,0.86,567374.0,1.33
319400,현대무벡스,우량기업부,23300.0,258.89,90.0,16.52,1410.0,0.22
048410,현대바이오,중견기업부,6790.0,,-222.0,5.95,1160.0,
052260,현대바이오랜드,우량기업부,3740.0,8.99,416.0,0.8,4655.0,1.87
069960,현대백화점,,101800.0,11.1,9192.0,0.48,213850.0,2.11
004560,현대비앤지스틸,,12000.0,10.06,1195.0,0.35,34472.0,2.08
016790,현대사료,관리종목(소속부없음),994.0,71.0,14.0,2.67,372.0,
004310,현대약품,,6150.0,47.56,131.0,1.34,4633.0,0.48
041440,현대에버다임,우량기업부,6340.0,16.38,392.0,0.6,10760.0,1.09
039010,현대에이치티,우량기업부,8120.0,9.42,831.0,0.59,13202.0,5.75
017800,현대엘리베이터,,72500.0,11.19,6507.0,2.76,26386.0,19.25
307950,현대오토에버,,412000.0,63.4,6593.0,6.3,66387.0,0.46
011210,현대위아,,62500.0,48.37,1288.0,0.45,137498.0,1.93
090850,현대이지웰,우량기업부,5100.0,5.43,945.0,1.03,4965.0,4.29
004020,현대제철,,28300.0,521.3,54.0,0.19,147253.0,1.78
005440,현대지에프홀딩스,,12190.0,5.73,2118.0,0.46,26621.0,2.47
005380,현대차,,395500.0,12.15,32437.0,0.86,456242.0,2.54
005387,현대차2우B,,200500.0,6.1,32437.0,0.43,456242.0,5.1
005389,현대차3우B,,192800.0,5.94,32437.0,0.42,456242.0,5.22
005385,현대차우,,197500.0,6.05,32437.0,0.43,456242.0,5.13
001500,현대차증권,,7940.0,7.78,1036.0,0.31,26246.0,4.59
011760,현대코퍼레이션,,27200.0,4.84,5594.0,0.45,59906.0,2.58
227840,현대코퍼레이션홀딩스,,12750.0,3.27,3959.0,0.34,37688.0,3.87
126560,현대퓨처넷,,3285.0,37.73,88.0,0.51,6566.0,4.52
001450,현대해상,,39300.0,3.42,11772.0,0.57,71324.0,
460930,현대힘스,우량기업부,14450.0,22.76,633.0,2.01,7177.0,0.9
092300,현우산업,우량기업부,2435.0,4.1,610.0,0.4,6260.0,2.8
011080,형지I&C,관리종목(소속부없음),907.0,,-2192.0,0.15,6250.0,
308100,형지글로벌,중견기업부,407.0,,-1671.0,0.16,2467.0,
093240,형지엘리트,,405.0,2.17,187.0,0.21,1933.0,
003010,혜인,,5910.0,5.25,1127.0,0.45,13076.0,3.38
111110,호전실업,,6710.0,5.22,1283.0,0.31,21607.0,5.97
008770,호텔신라,,42700.0,,-4017.0,1.45,29446.0,
008775,호텔신라우,,29350.0,,-4017.0,1.01,29446.0,
064240,홈캐스트,벤처기업부,1488.0,43.14,36.0,0.64,2444.0,
039610,화성밸브,우량기업부,5280.0,,-226.0,0.58,9100.0,
378850,화승알앤에이,,2750.0,2.16,1268.0,0.3,9287.0,2.73
241590,화승엔터프라이즈,,3255.0,,-648.0,0.42,7630.0,1.57
006060,화승인더,,2550.0,8.59,295.0,0.36,7006.0,8.13
013520,화승코퍼레이션,,2690.0,1.79,1510.0,0.43,6321.0,2.77
010690,화신,,8050.0,4.32,1887.0,0.47,17408.0,2.08
126640,화신정공,우량기업부,3895.0,7.67,512.0,1.07,3678.0,1.91
133820,화인베스틸,,957.0,23.98,40.0,0.71,1347.0,
127980,화인써키트,중견기업부,3025.0,,-49.0,0.93,3250.0,5.61
061250,화일약품,우량기업부,8720.0,72.99,117.0,0.34,24779.0,
010660,화천기계,,2850.0,13.67,210.0,0.44,6481.0,0.7
000850,화천기공,,33100.0,5.04,6618.0,0.21,155600.0,3.9
016580,환인제약,,10400.0,11.98,857.0,0.45,22947.0,2.92
032560,황금에스티,,5450.0,4.45,1220.0,0.24,23028.0,2.76
004800,효성,,158100.0,7.97,20200.0,1.09,148291.0,3.11
094280,효성ITX,,12080.0,10.19,1187.0,1.94,6219.0,6.2
097870,효성오앤비,중견기업부,4570.0,59.93,76.0,0.45,10107.0,
298040,효성중공업,,2832000.0,54.67,54157.0,11.51,257334.0,0.25
298020,효성티앤씨,,339000.0,48.94,6763.0,0.87,378450.0,3.05
298000,효성화학,,71100.0,21.09,3552.0,0.75,100182.0,
093370,후성,,9940.0,,-43.0,3.21,3201.0,
290270,휴네시온,벤처기업부,2695.0,5.0,538.0,0.52,5215.0,1.86
005870,휴니드,,4430.0,,-565.0,0.36,12257.0,
353190,휴럼,중견기업부,2940.0,20.75,140.0,0.58,5004.0,13.77
090710,휴림로봇,중견기업부,6980.0,,-140.0,6.76,1040.0,
078590,휴림에이텍,중견기업부,3560.0,,-2052.0,0.45,7537.0,
205470,휴마시스,중견기업부,2295.0,,-403.0,0.24,9612.0,
115160,휴맥스,중견기업부,5420.0,,-5666.0,0.19,28950.0,
028080,휴맥스홀딩스,관리종목(소속부없음),4590.0,,-3846.0,0.24,19230.0,
200670,휴메딕스,우량기업부,26650.0,5.85,4573.0,0.96,27976.0,3.44
079980,휴비스,,2090.0,,-52.0,0.27,7625.0,
065510,휴비츠,우량기업부,6960.0,,-320.0,0.68,10194.0,3.61
005010,휴스틸,,3630.0,,-301.0,0.19,19376.0,
263920,휴엠앤씨,중견기업부,3555.0,15.97,222.0,0.78,4531.0,5.64
243070,휴온스,우량기업부,26600.0,10.32,2562.0,0.83,31800.0,3.48
084110,휴온스글로벌,우량기업부,24850.0,13.42,1878.0,0.56,45112.0,3.49
145020,휴젤,우량기업부,273500.0,21.52,12242.0,2.84,92882.0,
024060,흥구석유,중견기업부,10470.0,381.48,27.0,1.83,5617.0,0.19
010240,흥국,우량기업부,5510.0,4.77,1149.0,0.49,11298.0,5.11
189980,흥국에프엔비,우량기업부,1121.0,6.85,164.0,0.45,2488.0,
000540,흥국화재,,3265.0,6.79,483.0,0.23,14073.0,
000545,흥국화재우,,5360.0,11.1,483.0,0.38,14073.0,
003280,흥아해운,,1685.0,14.33,117.0,1.49,1123.0,
037440,희림,우량기업부,3900.0,7.65,516.0,0.58,6811.0,2.54
238490,힘스,벤처기업부,2385.0,,-943.0,0.46,5141.0,
